-1.000000000000000000e+00 4.539014305929846282e-02 2.300971094518899918e-02 0.000000000000000000e+00 0.000000000000000000e+00 2.300971094518899918e-02 4.539014305908971314e-02 0.000000000000000000e+00 0.000000000000000000e+00 0.000000000000000000e+00 0.000000000000000000e+00 -4.476086422801017761e-02 -1.334891534332874330e-13 0.000000000000000000e+00 0.000000000000000000e+00 1.334891534332874330e-13 4.705910012125968933e-02
-9.999904807207344870e-01 4.271219953034233185e-02 2.153655234724283218e-02 0.000000000000000000e+00 0.000000000000000000e+00 2.153655234724283218e-02 4.271441229548145202e-02 0.000000000000000000e+00 0.000000000000000000e+00 0.000000000000000000e+00 0.000000000000000000e+00 -4.239205643534660339e-02 -2.706203986235777847e-06 0.000000000000000000e+00 0.000000000000000000e+00 2.706203986235777847e-06 3.947511315345764160e-02
-9.999619230641713097e-01 4.035749404033595056e-02 2.024035714566707611e-02 0.000000000000000000e+00 0.000000000000000000e+00 2.024035714566707611e-02 4.036153362790173560e-02 0.000000000000000000e+00 0.000000000000000000e+00 0.000000000000000000e+00 0.000000000000000000e+00 -4.029891639947891235e-02 -4.291683126211864874e-06 0.000000000000000000e+00 0.000000000000000000e+00 4.291683126211864874e-06 3.297844901680946350e-02
-9.999143275740070003e-01 3.838875995757007331e-02 1.915835402905941010e-02 0.000000000000000000e+00 0.000000000000000000e+00 1.915835402905941010e-02 3.839428244350528985e-02 0.000000000000000000e+00 0.000000000000000000e+00 0.000000000000000000e+00 0.000000000000000000e+00 -3.854690492153167725e-02 -3.886918420903384686e-06 0.000000000000000000e+00 0.000000000000000000e+00 3.886918420903384686e-06 2.770451083779335022e-02
-9.998476951563912696e-01 3.693695522247253393e-02 1.835956051945686340e-02 0.000000000000000000e+00 0.000000000000000000e+00 1.835956051945686340e-02 3.694368743003906275e-02 0.000000000000000000e+00 0.000000000000000000e+00 0.000000000000000000e+00 0.000000000000000000e+00 -3.723894059658050537e-02 -7.027509241197549272e-07 0.000000000000000000e+00 0.000000000000000000e+00 7.027509241197549272e-07 2.375683002173900604e-02
-9.997620270799091324e-01 3.600284080857818481e-02 1.784315891563892365e-02 0.000000000000000000e+00 0.000000000000000000e+00 1.784315891563892365e-02 3.601060811524803285e-02 0.000000000000000000e+00 0.000000000000000000e+00 0.000000000000000000e+00 0.000000000000000000e+00 -3.639175370335578918e-02 5.906254955334588885e-06 0.000000000000000000e+00 0.000000000000000000e+00 -5.906254955334588885e-06 2.106607519090175629e-02
-9.996573249755572599e-01 3.552206725544237997e-02 1.757340785115957260e-02 0.000000000000000000e+00 0.000000000000000000e+00 1.757340785115957260e-02 3.553088820808625314e-02 0.000000000000000000e+00 0.000000000000000000e+00 0.000000000000000000e+00 0.000000000000000000e+00 -3.593800216913223267e-02 1.574942507431842387e-05 0.000000000000000000e+00 0.000000000000000000e+00 -1.574942507431842387e-05 1.940269768238067627e-02
-9.995335908367128930e-01 3.535946750389484805e-02 1.748538576066493988e-02 0.000000000000000000e+00 0.000000000000000000e+00 1.748538576066493988e-02 3.536953857792468625e-02 0.000000000000000000e+00 0.000000000000000000e+00 0.000000000000000000e+00 0.000000000000000000e+00 -3.576880693435668945e-02 2.856007813534233719e-05 0.000000000000000000e+00 0.000000000000000000e+00 -2.856007813534233719e-05 1.850803010165691376e-02
-9.993908270190957621e-01 3.552062081416806905e-02 1.757340785115957260e-02 0.000000000000000000e+00 0.000000000000000000e+00 1.757340785115957260e-02 3.553233464936056407e-02 0.000000000000000000e+00 0.000000000000000000e+00 0.000000000000000000e+00 0.000000000000000000e+00 -3.588490560650825500e-02 4.422158599481917918e-05 0.000000000000000000e+00 0.000000000000000000e+00 -4.422158599481917918e-05 1.822387985885143280e-02
-9.992290362407229010e-01 3.584333528260685853e-02 1.774960104376077652e-02 0.000000000000000000e+00 0.000000000000000000e+00 1.774960104376077652e-02 3.585722837169669219e-02 0.000000000000000000e+00 0.000000000000000000e+00 0.000000000000000000e+00 0.000000000000000000e+00 -3.612632304430007935e-02 6.240098446141928434e-05 0.000000000000000000e+00 0.000000000000000000e+00 -6.240098446141928434e-05 1.837403886020183563e-02
-9.990482215818577982e-01 3.632448448024661047e-02 1.801698654890060425e-02 0.000000000000000000e+00 0.000000000000000000e+00 1.801698654890060425e-02 3.634131120361416833e-02 0.000000000000000000e+00 0.000000000000000000e+00 0.000000000000000000e+00 0.000000000000000000e+00 -3.652312234044075012e-02 8.287269884021952748e-05 0.000000000000000000e+00 0.000000000000000000e+00 -8.287269884021952748e-05 1.884854026138782501e-02
-9.988483864849506677e-01 3.690208103216718882e-02 1.833743508905172348e-02 0.000000000000000000e+00 0.000000000000000000e+00 1.833743508905172348e-02 3.692281078838277608e-02 0.000000000000000000e+00 0.000000000000000000e+00 0.000000000000000000e+00 0.000000000000000000e+00 -3.700637072324752808e-02 1.051184299285523593e-04 0.000000000000000000e+00 0.000000000000000000e+00 -1.051184299285523593e-04 1.951425708830356598e-02
-9.986295347545738332e-01 3.747557036331272684e-02 1.866141334176063538e-02 0.000000000000000000e+00 0.000000000000000000e+00 1.866141334176063538e-02 3.750136561939143576e-02 0.000000000000000000e+00 0.000000000000000000e+00 0.000000000000000000e+00 0.000000000000000000e+00 -3.748565912246704102e-02 1.283586316276341677e-04 0.000000000000000000e+00 0.000000000000000000e+00 -1.283586316276341677e-04 2.020272798836231232e-02
-9.983916705573487871e-01 3.794750581982953008e-02 1.893627829849720001e-02 0.000000000000000000e+00 0.000000000000000000e+00 1.893627829849720001e-02 3.797968838807719294e-02 0.000000000000000000e+00 0.000000000000000000e+00 0.000000000000000000e+00 0.000000000000000000e+00 -3.788393735885620117e-02 1.515812764409929514e-04 0.000000000000000000e+00 0.000000000000000000e+00 -1.515812764409929514e-04 2.077983506023883820e-02
-9.981347984218669200e-01 3.838764509418979287e-02 1.919227838516235352e-02 0.000000000000000000e+00 0.000000000000000000e+00 1.919227838516235352e-02 3.842755028745159507e-02 0.000000000000000000e+00 0.000000000000000000e+00 0.000000000000000000e+00 0.000000000000000000e+00 -3.824631497263908386e-02 1.748732320265844464e-04 0.000000000000000000e+00 0.000000000000000000e+00 -1.748732320265844464e-04 2.127739414572715759e-02
-9.978589232386034791e-01 3.875704925485479180e-02 1.941838767379522324e-02 0.000000000000000000e+00 0.000000000000000000e+00 1.941838767379522324e-02 3.880592551104200538e-02 0.000000000000000000e+00 0.000000000000000000e+00 0.000000000000000000e+00 0.000000000000000000e+00 -3.856323659420013428e-02 1.982287794817239046e-04 0.000000000000000000e+00 0.000000000000000000e+00 -1.982287794817239046e-04 2.166199497878551483e-02
-9.975640502598241977e-01 3.906461212136491667e-02 1.960575766861438751e-02 0.000000000000000000e+00 0.000000000000000000e+00 1.960575766861438751e-02 3.912361723087087739e-02 0.000000000000000000e+00 0.000000000000000000e+00 0.000000000000000000e+00 0.000000000000000000e+00 -3.882409632205963135e-02 2.214159176219254732e-04 0.000000000000000000e+00 0.000000000000000000e+00 -2.214159176219254732e-04 2.197723090648651123e-02
-9.961946980917455452e-01 3.974895508508780040e-02 2.009640634059906006e-02 0.000000000000000000e+00 0.000000000000000000e+00 2.009640634059906006e-02 3.985797284622094594e-02 0.000000000000000000e+00 0.000000000000000000e+00 0.000000000000000000e+00 0.000000000000000000e+00 -3.941411525011062622e-02 3.161515342071652412e-04 0.000000000000000000e+00 0.000000000000000000e+00 -3.161515342071652412e-04 2.266611158847808838e-02
-9.945218953682732899e-01 3.994485469593200833e-02 2.031980175524950027e-02 0.000000000000000000e+00 0.000000000000000000e+00 2.031980175524950027e-02 4.011528273986186832e-02 0.000000000000000000e+00 0.000000000000000000e+00 0.000000000000000000e+00 0.000000000000000000e+00 -3.958951681852340698e-02 4.261907888576388359e-04 0.000000000000000000e+00 0.000000000000000000e+00 -4.261907888576388359e-04 2.317435108125209808e-02
-9.925461516413219831e-01 3.997526709281373769e-02 2.045374549925327301e-02 0.000000000000000000e+00 0.000000000000000000e+00 2.045374549925327301e-02 4.021698217547964305e-02 0.000000000000000000e+00 0.000000000000000000e+00 0.000000000000000000e+00 0.000000000000000000e+00 -3.958750516176223755e-02 5.883025587536394596e-04 0.000000000000000000e+00 0.000000000000000000e+00 -5.883025587536394596e-04 2.371132932603359222e-02
-9.902680687415702510e-01 4.000330298731569201e-02 2.058509364724159241e-02 0.000000000000000000e+00 0.000000000000000000e+00 2.058509364724159241e-02 4.032624930550809950e-02 0.000000000000000000e+00 0.000000000000000000e+00 0.000000000000000000e+00 0.000000000000000000e+00 -3.954816609621047974e-02 8.314227452501654625e-04 0.000000000000000000e+00 0.000000000000000000e+00 -8.314227452501654625e-04 2.423919737339019775e-02
-9.876883405951376593e-01 4.002840057364664972e-02 2.071381267160177231e-02 0.000000000000000000e+00 0.000000000000000000e+00 2.071381267160177231e-02 4.044371299096383154e-02 0.000000000000000000e+00 0.000000000000000000e+00 0.000000000000000000e+00 0.000000000000000000e+00 -3.947113454341888428e-02 1.129035372287034988e-03 0.000000000000000000e+00 0.000000000000000000e+00 -1.129035372287034988e-03 2.473345771431922913e-02
-9.848077530122080203e-01 4.001772525953128934e-02 2.082283515483140945e-02 0.000000000000000000e+00 0.000000000000000000e+00 2.082283515483140945e-02 4.053634096635505557e-02 0.000000000000000000e+00 0.000000000000000000e+00 0.000000000000000000e+00 0.000000000000000000e+00 -3.931165486574172974e-02 1.440734835341572762e-03 0.000000000000000000e+00 0.000000000000000000e+00 -1.440734835341572762e-03 2.520980685949325562e-02
-9.816271834476639757e-01 3.998309935559518635e-02 2.090281527489423752e-02 0.000000000000000000e+00 0.000000000000000000e+00 2.090281527489423752e-02 4.061101001570932567e-02 0.000000000000000000e+00 0.000000000000000000e+00 0.000000000000000000e+00 0.000000000000000000e+00 -3.906999900937080383e-02 1.740524312481284142e-03 0.000000000000000000e+00 0.000000000000000000e+00 -1.740524312481284142e-03 2.567946538329124451e-02
-9.781476007338056888e-01 3.999226170708425343e-02 2.098779007792472839e-02 0.000000000000000000e+00 0.000000000000000000e+00 2.098779007792472839e-02 4.073189568589441478e-02 0.000000000000000000e+00 0.000000000000000000e+00 0.000000000000000000e+00 0.000000000000000000e+00 -3.882219642400741577e-02 2.015956677496433258e-03 0.000000000000000000e+00 0.000000000000000000e+00 -2.015956677496433258e-03 2.617185376584529877e-02
-9.743700647852352459e-01 3.999840954202227294e-02 2.107293065637350082e-02 0.000000000000000000e+00 0.000000000000000000e+00 2.107293065637350082e-02 4.085547177237458527e-02 0.000000000000000000e+00 0.000000000000000000e+00 0.000000000000000000e+00 0.000000000000000000e+00 -3.854811936616897583e-02 2.287795301526784897e-03 0.000000000000000000e+00 0.000000000000000000e+00 -2.287795301526784897e-03 2.667864412069320679e-02
-9.702957262759964729e-01 3.995700244558975101e-02 2.115031424909830093e-02 0.000000000000000000e+00 0.000000000000000000e+00 2.115031424909830093e-02 4.094210761832073331e-02 0.000000000000000000e+00 0.000000000000000000e+00 0.000000000000000000e+00 0.000000000000000000e+00 -3.829047828912734985e-02 2.584730507805943489e-03 0.000000000000000000e+00 0.000000000000000000e+00 -2.584730507805943489e-03 2.720250189304351807e-02
-9.659258262890682012e-01 3.989797265967354178e-02 2.123709395527839661e-02 0.000000000000000000e+00 0.000000000000000000e+00 2.123709395527839661e-02 4.102757392683997750e-02 0.000000000000000000e+00 0.000000000000000000e+00 0.000000000000000000e+00 0.000000000000000000e+00 -3.806881606578826904e-02 2.924573840573430061e-03 0.000000000000000000e+00 0.000000000000000000e+00 -2.924573840573430061e-03 2.774026058614253998e-02
-9.612616959383186721e-01 3.986161964712664485e-02 2.134129684418439865e-02 0.000000000000000000e+00 0.000000000000000000e+00 2.134129684418439865e-02 4.115551878931000829e-02 0.000000000000000000e+00 0.000000000000000000e+00 0.000000000000000000e+00 0.000000000000000000e+00 -3.787685930728912354e-02 3.312678774818778038e-03 0.000000000000000000e+00 0.000000000000000000e+00 -3.312678774818778038e-03 2.831486798822879791e-02
-9.563047559630354355e-01 3.982127341441810131e-02 2.144575305283069611e-02 0.000000000000000000e+00 0.000000000000000000e+00 2.144575305283069611e-02 4.128695023246109486e-02 0.000000000000000000e+00 0.000000000000000000e+00 0.000000000000000000e+00 0.000000000000000000e+00 -3.764631971716880798e-02 3.723711706697940826e-03 0.000000000000000000e+00 0.000000000000000000e+00 -3.723711706697940826e-03 2.890433743596076965e-02
-9.510565162951535312e-01 3.985298576299101114e-02 2.157891634851694107e-02 0.000000000000000000e+00 0.000000000000000000e+00 2.157891634851694107e-02 4.148891230579465628e-02 0.000000000000000000e+00 0.000000000000000000e+00 0.000000000000000000e+00 0.000000000000000000e+00 -3.742461651563644409e-02 4.135881084948778152e-03 0.000000000000000000e+00 0.000000000000000000e+00 -4.135881084948778152e-03 2.956868521869182587e-02
-9.455185755993167351e-01 3.987803962081670761e-02 2.171870321035385132e-02 0.000000000000000000e+00 0.000000000000000000e+00 2.171870321035385132e-02 4.168428573757410049e-02 0.000000000000000000e+00 0.000000000000000000e+00 0.000000000000000000e+00 0.000000000000000000e+00 -3.718742355704307556e-02 4.544990137219429016e-03 0.000000000000000000e+00 0.000000000000000000e+00 -4.544990137219429016e-03 3.023743443191051483e-02
-9.396926207859083169e-01 3.989447979256510735e-02 2.186519000679254532e-02 0.000000000000000000e+00 0.000000000000000000e+00 2.186519000679254532e-02 4.187486553564667702e-02 0.000000000000000000e+00 0.000000000000000000e+00 0.000000000000000000e+00 0.000000000000000000e+00 -3.697222098708152771e-02 4.961004480719566345e-03 0.000000000000000000e+00 0.000000000000000000e+00 -4.961004480719566345e-03 3.088548220694065094e-02
-9.335804264972017430e-01 3.989718609955161810e-02 2.201845310628414154e-02 0.000000000000000000e+00 0.000000000000000000e+00 2.201845310628414154e-02 4.206564149353653193e-02 0.000000000000000000e+00 0.000000000000000000e+00 0.000000000000000000e+00 0.000000000000000000e+00 -3.679192066192626953e-02 5.396568682044744492e-03 0.000000000000000000e+00 0.000000000000000000e+00 -5.396568682044744492e-03 3.152513504028320312e-02
-9.271838545667873133e-01 3.985888930037617683e-02 2.215471211820840836e-02 0.000000000000000000e+00 0.000000000000000000e+00 2.215471211820840836e-02 4.223141213878989220e-02 0.000000000000000000e+00 0.000000000000000000e+00 0.000000000000000000e+00 0.000000000000000000e+00 -3.656743839383125305e-02 5.857363343238830566e-03 0.000000000000000000e+00 0.000000000000000000e+00 -5.857363343238830566e-03 3.215609118342399597e-02
-9.205048534524401527e-01 3.981765219941735268e-02 2.228822279721498489e-02 0.000000000000000000e+00 0.000000000000000000e+00 2.228822279721498489e-02 4.240563465282320976e-02 0.000000000000000000e+00 0.000000000000000000e+00 0.000000000000000000e+00 0.000000000000000000e+00 -3.631544113159179688e-02 6.336182821542024612e-03 0.000000000000000000e+00 0.000000000000000000e+00 -6.336182821542024612e-03 3.281576931476593018e-02
-9.135454576426007556e-01 3.978489805012941360e-02 2.241259440779685974e-02 0.000000000000000000e+00 0.000000000000000000e+00 2.241259440779685974e-02 4.258965235203504562e-02 0.000000000000000000e+00 0.000000000000000000e+00 0.000000000000000000e+00 0.000000000000000000e+00 -3.602296486496925354e-02 6.817905697971582413e-03 0.000000000000000000e+00 0.000000000000000000e+00 -6.817905697971582413e-03 3.352985158562660217e-02
-9.063077870366499367e-01 3.976135188713669777e-02 2.252773288637399673e-02 0.000000000000000000e+00 0.000000000000000000e+00 2.252773288637399673e-02 4.278291342779994011e-02 0.000000000000000000e+00 0.000000000000000000e+00 0.000000000000000000e+00 0.000000000000000000e+00 -3.567688539624214172e-02 7.306360639631748199e-03 0.000000000000000000e+00 0.000000000000000000e+00 -7.306360639631748199e-03 3.424777090549468994e-02
-8.987940462991670376e-01 3.974327875766903162e-02 2.263675350695848465e-02 0.000000000000000000e+00 0.000000000000000000e+00 2.263675350695848465e-02 4.298295208718627691e-02 0.000000000000000000e+00 0.000000000000000000e+00 0.000000000000000000e+00 0.000000000000000000e+00 -3.531512990593910217e-02 7.802863605320453644e-03 0.000000000000000000e+00 0.000000000000000000e+00 -7.802863605320453644e-03 3.494392707943916321e-02
-8.910065241883677878e-01 3.969016228802502155e-02 2.273150440305471420e-02 0.000000000000000000e+00 0.000000000000000000e+00 2.273150440305471420e-02 4.314655694179236889e-02 0.000000000000000000e+00 0.000000000000000000e+00 0.000000000000000000e+00 0.000000000000000000e+00 -3.492318466305732727e-02 8.298426866531372070e-03 0.000000000000000000e+00 0.000000000000000000e+00 -8.298426866531372070e-03 3.559034317731857300e-02
-8.829475928589267664e-01 3.962864540517330170e-02 2.283288072794675827e-02 0.000000000000000000e+00 0.000000000000000000e+00 2.283288072794675827e-02 4.330531135201454163e-02 0.000000000000000000e+00 0.000000000000000000e+00 0.000000000000000000e+00 0.000000000000000000e+00 -3.455474600195884705e-02 8.792363107204437256e-03 0.000000000000000000e+00 0.000000000000000000e+00 -8.792363107204437256e-03 3.623940050601959229e-02
-8.746197071393957412e-01 3.959259088151156902e-02 2.295227348804473877e-02 0.000000000000000000e+00 0.000000000000000000e+00 2.295227348804473877e-02 4.350257222540676594e-02 0.000000000000000000e+00 0.000000000000000000e+00 0.000000000000000000e+00 0.000000000000000000e+00 -3.419782221317291260e-02 9.277659468352794647e-03 0.000000000000000000e+00 0.000000000000000000e+00 -9.277659468352794647e-03 3.691971674561500549e-02
-8.660254037844387076e-01 3.952304460108280182e-02 2.305090613663196564e-02 0.000000000000000000e+00 0.000000000000000000e+00 2.305090613663196564e-02 4.367485828697681427e-02 0.000000000000000000e+00 0.000000000000000000e+00 0.000000000000000000e+00 0.000000000000000000e+00 -3.379894793033599854e-02 9.728510864078998566e-03 0.000000000000000000e+00 0.000000000000000000e+00 -9.728510864078998566e-03 3.758742660284042358e-02
-8.571673007021122226e-01 3.945793095044791698e-02 2.314002998173236847e-02 0.000000000000000000e+00 0.000000000000000000e+00 2.314002998173236847e-02 4.386172932572662830e-02 0.000000000000000000e+00 0.000000000000000000e+00 0.000000000000000000e+00 0.000000000000000000e+00 -3.334600850939750671e-02 1.015802659094333649e-02 0.000000000000000000e+00 0.000000000000000000e+00 -1.015802659094333649e-02 3.828375786542892456e-02
-8.480480961564259568e-01 3.940248000435531139e-02 2.321632485836744308e-02 0.000000000000000000e+00 0.000000000000000000e+00 2.321632485836744308e-02 4.406458069570362568e-02 0.000000000000000000e+00 0.000000000000000000e+00 0.000000000000000000e+00 0.000000000000000000e+00 -3.285163640975952148e-02 1.058033108711242676e-02 0.000000000000000000e+00 0.000000000000000000e+00 -1.058033108711242676e-02 3.896991536021232605e-02
-8.386705679454241613e-01 3.935026028193533421e-02 2.328947372734546661e-02 0.000000000000000000e+00 0.000000000000000000e+00 2.328947372734546661e-02 4.427050775848329067e-02 0.000000000000000000e+00 0.000000000000000000e+00 0.000000000000000000e+00 0.000000000000000000e+00 -3.234161064028739929e-02 1.101619750261306763e-02 0.000000000000000000e+00 0.000000000000000000e+00 -1.101619750261306763e-02 3.964581340551376343e-02
-8.290375725550416242e-01 3.929346543736755848e-02 2.336923778057098389e-02 0.000000000000000000e+00 0.000000000000000000e+00 2.336923778057098389e-02 4.446777957491576672e-02 0.000000000000000000e+00 0.000000000000000000e+00 0.000000000000000000e+00 0.000000000000000000e+00 -3.185498341917991638e-02 1.148397568613290787e-02 0.000000000000000000e+00 0.000000000000000000e+00 -1.148397568613290787e-02 4.033746570348739624e-02
-8.191520442889915765e-01 3.922356362454593182e-02 2.346219774335622787e-02 0.000000000000000000e+00 0.000000000000000000e+00 2.346219774335622787e-02 4.465175163932144642e-02 0.000000000000000000e+00 0.000000000000000000e+00 0.000000000000000000e+00 0.000000000000000000e+00 -3.139192983508110046e-02 1.196555793285369873e-02 0.000000000000000000e+00 0.000000000000000000e+00 -1.196555793285369873e-02 4.100570827722549438e-02
-8.090169943749473402e-01 3.915293025784194469e-02 2.355206385254859924e-02 0.000000000000000000e+00 0.000000000000000000e+00 2.355206385254859924e-02 4.484265786595642567e-02 0.000000000000000000e+00 0.000000000000000000e+00 0.000000000000000000e+00 0.000000000000000000e+00 -3.093953244388103485e-02 1.243743021041154861e-02 0.000000000000000000e+00 0.000000000000000000e+00 -1.243743021041154861e-02 4.167659953236579895e-02
-7.986355100472929402e-01 3.907893481664359570e-02 2.363880909979343414e-02 0.000000000000000000e+00 0.000000000000000000e+00 2.363880909979343414e-02 4.504316789098083973e-02 0.000000000000000000e+00 0.000000000000000000e+00 0.000000000000000000e+00 0.000000000000000000e+00 -3.045845590531826019e-02 1.287585869431495667e-02 0.000000000000000000e+00 0.000000000000000000e+00 -1.287585869431495667e-02 4.232385009527206421e-02
-7.880107536067219032e-01 3.898181254044175148e-02 2.369453012943267822e-02 0.000000000000000000e+00 0.000000000000000000e+00 2.369453012943267822e-02 4.522885149344801903e-02 0.000000000000000000e+00 0.000000000000000000e+00 0.000000000000000000e+00 0.000000000000000000e+00 -2.992577850818634033e-02 1.326525211334228516e-02 0.000000000000000000e+00 0.000000000000000000e+00 -1.326525211334228516e-02 4.295415058732032776e-02
-7.771459614569706797e-01 3.889739047735929489e-02 2.373383287340402603e-02 0.000000000000000000e+00 0.000000000000000000e+00 2.373383287340402603e-02 4.543465655297040939e-02 0.000000000000000000e+00 0.000000000000000000e+00 0.000000000000000000e+00 0.000000000000000000e+00 -2.933861501514911652e-02 1.362808980047702789e-02 0.000000000000000000e+00 0.000000000000000000e+00 -1.362808980047702789e-02 4.357298463582992554e-02
-7.660444431189779024e-01 3.879302577115595341e-02 2.374524530023336411e-02 0.000000000000000000e+00 0.000000000000000000e+00 2.374524530023336411e-02 4.561619809828698635e-02 0.000000000000000000e+00 0.000000000000000000e+00 0.000000000000000000e+00 0.000000000000000000e+00 -2.870137803256511688e-02 1.400774996727705002e-02 0.000000000000000000e+00 0.000000000000000000e+00 -1.400774996727705002e-02 4.416002333164215088e-02
-7.547095802227720140e-01 3.872701339423656464e-02 2.376804221421480179e-02 0.000000000000000000e+00 0.000000000000000000e+00 2.376804221421480179e-02 4.583662003278732300e-02 0.000000000000000000e+00 0.000000000000000000e+00 0.000000000000000000e+00 0.000000000000000000e+00 -2.804476954042911530e-02 1.441207900643348694e-02 0.000000000000000000e+00 0.000000000000000000e+00 -1.441207900643348694e-02 4.479501396417617798e-02
-7.431448254773940221e-01 3.866724018007516861e-02 2.378748916089534760e-02 0.000000000000000000e+00 0.000000000000000000e+00 2.378748916089534760e-02 4.605750273913145065e-02 0.000000000000000000e+00 0.000000000000000000e+00 0.000000000000000000e+00 0.000000000000000000e+00 -2.735958248376846313e-02 1.483079884201288223e-02 0.000000000000000000e+00 0.000000000000000000e+00 -1.483079884201288223e-02 4.543172568082809448e-02
-7.313537016191704598e-01 3.859716514125466347e-02 2.381682302802801132e-02 0.000000000000000000e+00 0.000000000000000000e+00 2.381682302802801132e-02 4.626889852806925774e-02 0.000000000000000000e+00 0.000000000000000000e+00 0.000000000000000000e+00 0.000000000000000000e+00 -2.667219005525112152e-02 1.522421650588512421e-02 0.000000000000000000e+00 0.000000000000000000e+00 -1.522421650588512421e-02 4.609664902091026306e-02
-7.193398003386511919e-01 3.851410094648599625e-02 2.385609131306409836e-02 0.000000000000000000e+00 0.000000000000000000e+00 2.385609131306409836e-02 4.647342953830957413e-02 0.000000000000000000e+00 0.000000000000000000e+00 0.000000000000000000e+00 0.000000000000000000e+00 -2.599587291479110718e-02 1.556567568331956863e-02 0.000000000000000000e+00 0.000000000000000000e+00 -1.556567568331956863e-02 4.678991809487342834e-02
-7.071067811865474617e-01 3.845088323578238487e-02 2.391667477786540985e-02 0.000000000000000000e+00 0.000000000000000000e+00 2.391667477786540985e-02 4.671548539772629738e-02 0.000000000000000000e+00 0.000000000000000000e+00 0.000000000000000000e+00 0.000000000000000000e+00 -2.533644624054431915e-02 1.590676605701446533e-02 0.000000000000000000e+00 0.000000000000000000e+00 -1.590676605701446533e-02 4.753410071134567261e-02
-6.946583704589970321e-01 3.835952235385775566e-02 2.395263966172933578e-02 0.000000000000000000e+00 0.000000000000000000e+00 2.395263966172933578e-02 4.693491989746689796e-02 0.000000000000000000e+00 0.000000000000000000e+00 0.000000000000000000e+00 0.000000000000000000e+00 -2.461530826985836029e-02 1.623704656958580017e-02 0.000000000000000000e+00 0.000000000000000000e+00 -1.623704656958580017e-02 4.823162034153938293e-02
-6.819983600624983655e-01 3.827504394575953484e-02 2.397859841585159302e-02 0.000000000000000000e+00 0.000000000000000000e+00 2.397859841585159302e-02 4.716746928170323372e-02 0.000000000000000000e+00 0.000000000000000000e+00 0.000000000000000000e+00 0.000000000000000000e+00 -2.387854829430580139e-02 1.655490323901176453e-02 0.000000000000000000e+00 0.000000000000000000e+00 -1.655490323901176453e-02 4.894435405731201172e-02
-6.691306063588582376e-01 3.819549037143588066e-02 2.399784792214632034e-02 0.000000000000000000e+00 0.000000000000000000e+00 2.399784792214632034e-02 4.740852722898125648e-02 0.000000000000000000e+00 0.000000000000000000e+00 0.000000000000000000e+00 0.000000000000000000e+00 -2.308603189885616302e-02 1.687364466488361359e-02 0.000000000000000000e+00 0.000000000000000000e+00 -1.687364466488361359e-02 4.964565485715866089e-02
-6.560590289905074979e-01 3.812556061893701553e-02 2.400701399892568588e-02 0.000000000000000000e+00 0.000000000000000000e+00 2.400701399892568588e-02 4.766012821346521378e-02 0.000000000000000000e+00 0.000000000000000000e+00 0.000000000000000000e+00 0.000000000000000000e+00 -2.227765321731567383e-02 1.716650277376174927e-02 0.000000000000000000e+00 0.000000000000000000e+00 -1.716650277376174927e-02 5.034883320331573486e-02
-6.427876096865393629e-01 3.809169726446270943e-02 2.402731683105230331e-02 0.000000000000000000e+00 0.000000000000000000e+00 2.402731683105230331e-02 4.795339098200201988e-02 0.000000000000000000e+00 0.000000000000000000e+00 0.000000000000000000e+00 0.000000000000000000e+00 -2.145595476031303406e-02 1.741955243051052094e-02 0.000000000000000000e+00 0.000000000000000000e+00 -1.741955243051052094e-02 5.111881345510482788e-02
-6.293203910498372800e-01 3.806804586201906204e-02 2.403738908469676971e-02 0.000000000000000000e+00 0.000000000000000000e+00 2.403738908469676971e-02 4.825688805431127548e-02 0.000000000000000000e+00 0.000000000000000000e+00 0.000000000000000000e+00 0.000000000000000000e+00 -2.056315541267395020e-02 1.764668338000774384e-02 0.000000000000000000e+00 0.000000000000000000e+00 -1.764668338000774384e-02 5.189172923564910889e-02
-6.156614753256582917e-01 3.806209843605756760e-02 2.403043024241924286e-02 0.000000000000000000e+00 0.000000000000000000e+00 2.403043024241924286e-02 4.857675824314355850e-02 0.000000000000000000e+00 0.000000000000000000e+00 0.000000000000000000e+00 0.000000000000000000e+00 -1.958533935248851776e-02 1.788812130689620972e-02 0.000000000000000000e+00 0.000000000000000000e+00 -1.788812130689620972e-02 5.269452929496765137e-02
-6.018150231520483784e-01 3.807127149775624275e-02 2.400970086455345154e-02 0.000000000000000000e+00 0.000000000000000000e+00 2.400970086455345154e-02 4.890904901549220085e-02 0.000000000000000000e+00 0.000000000000000000e+00 0.000000000000000000e+00 0.000000000000000000e+00 -1.854896172881126404e-02 1.813046261668205261e-02 0.000000000000000000e+00 0.000000000000000000e+00 -1.813046261668205261e-02 5.350038781762123108e-02
-5.877852522924730261e-01 3.808551607653498650e-02 2.398525644093751907e-02 0.000000000000000000e+00 0.000000000000000000e+00 2.398525644093751907e-02 4.924368346109986305e-02 0.000000000000000000e+00 0.000000000000000000e+00 0.000000000000000000e+00 0.000000000000000000e+00 -1.746719144284725189e-02 1.837370172142982483e-02 0.000000000000000000e+00 0.000000000000000000e+00 -1.837370172142982483e-02 5.436342582106590271e-02
-5.735764363510458264e-01 3.813229454681277275e-02 2.397813834249973297e-02 0.000000000000000000e+00 0.000000000000000000e+00 2.397813834249973297e-02 4.961113305762410164e-02 0.000000000000000000e+00 0.000000000000000000e+00 0.000000000000000000e+00 0.000000000000000000e+00 -1.635181345045566559e-02 1.864513941109180450e-02 0.000000000000000000e+00 0.000000000000000000e+00 -1.864513941109180450e-02 5.531119927763938904e-02
-5.591929034707466828e-01 3.821218758821487427e-02 2.398817148059606552e-02 0.000000000000000000e+00 0.000000000000000000e+00 2.398817148059606552e-02 5.001116730272769928e-02 0.000000000000000000e+00 0.000000000000000000e+00 0.000000000000000000e+00 0.000000000000000000e+00 -1.517264638096094131e-02 1.890451833605766296e-02 0.000000000000000000e+00 0.000000000000000000e+00 -1.890451833605766296e-02 5.637305229902267456e-02
-5.446390350150270843e-01 3.836819296702742577e-02 2.401905134320259094e-02 0.000000000000000000e+00 0.000000000000000000e+00 2.401905134320259094e-02 5.049339914694428444e-02 0.000000000000000000e+00 0.000000000000000000e+00 0.000000000000000000e+00 0.000000000000000000e+00 -1.395007874816656113e-02 1.919333823025226593e-02 0.000000000000000000e+00 0.000000000000000000e+00 -1.919333823025226593e-02 5.756632238626480103e-02
-5.299192642332047898e-01 3.855406213551759720e-02 2.402490843087434769e-02 0.000000000000000000e+00 0.000000000000000000e+00 2.402490843087434769e-02 5.099582765251398087e-02 0.000000000000000000e+00 0.000000000000000000e+00 0.000000000000000000e+00 0.000000000000000000e+00 -1.260000467300415039e-02 1.947035826742649078e-02 0.000000000000000000e+00 0.000000000000000000e+00 -1.947035826742649078e-02 5.878259241580963135e-02
-5.150380749100542666e-01 3.879343718290328979e-02 2.402618899941444397e-02 0.000000000000000000e+00 0.000000000000000000e+00 2.402618899941444397e-02 5.155389010906219482e-02 0.000000000000000000e+00 0.000000000000000000e+00 0.000000000000000000e+00 0.000000000000000000e+00 -1.116332039237022400e-02 1.974963769316673279e-02 0.000000000000000000e+00 0.000000000000000000e+00 -1.974963769316673279e-02 6.005163118243217468e-02
-4.999999999999997780e-01 3.902372624725103378e-02 2.399469818919897079e-02 0.000000000000000000e+00 0.000000000000000000e+00 2.399469818919897079e-02 5.208657961338758469e-02 0.000000000000000000e+00 0.000000000000000000e+00 0.000000000000000000e+00 0.000000000000000000e+00 -9.642391465604305267e-03 2.001644857227802277e-02 0.000000000000000000e+00 0.000000000000000000e+00 -2.001644857227802277e-02 6.130123883485794067e-02
-4.848096202463370030e-01 3.932731598615646362e-02 2.398544922471046448e-02 0.000000000000000000e+00 0.000000000000000000e+00 2.398544922471046448e-02 5.270148813724517822e-02 0.000000000000000000e+00 0.000000000000000000e+00 0.000000000000000000e+00 0.000000000000000000e+00 -8.069583214819431305e-03 2.031395584344863892e-02 0.000000000000000000e+00 0.000000000000000000e+00 -2.031395584344863892e-02 6.264986842870712280e-02
-4.694715627858905282e-01 3.964565368369221687e-02 2.397056203335523605e-02 0.000000000000000000e+00 0.000000000000000000e+00 2.397056203335523605e-02 5.331292515620589256e-02 0.000000000000000000e+00 0.000000000000000000e+00 0.000000000000000000e+00 0.000000000000000000e+00 -6.434889510273933411e-03 2.062771655619144440e-02 0.000000000000000000e+00 0.000000000000000000e+00 -2.062771655619144440e-02 6.406709551811218262e-02
-4.539904997395466935e-01 4.006927693262696266e-02 2.399353496730327606e-02 0.000000000000000000e+00 0.000000000000000000e+00 2.399353496730327606e-02 5.404336145147681236e-02 0.000000000000000000e+00 0.000000000000000000e+00 0.000000000000000000e+00 0.000000000000000000e+00 -4.739025142043828964e-03 2.100233733654022217e-02 0.000000000000000000e+00 0.000000000000000000e+00 -2.100233733654022217e-02 6.567848473787307739e-02
-4.383711467890775149e-01 4.053622297942638397e-02 2.402661740779876709e-02 0.000000000000000000e+00 0.000000000000000000e+00 2.402661740779876709e-02 5.481022782623767853e-02 0.000000000000000000e+00 0.000000000000000000e+00 0.000000000000000000e+00 0.000000000000000000e+00 -2.956901444122195244e-03 2.139523439109325409e-02 0.000000000000000000e+00 0.000000000000000000e+00 -2.139523439109325409e-02 6.741219013929367065e-02
-4.226182617406993303e-01 4.105433309450745583e-02 2.405484952032566071e-02 0.000000000000000000e+00 0.000000000000000000e+00 2.405484952032566071e-02 5.563566228374838829e-02 0.000000000000000000e+00 0.000000000000000000e+00 0.000000000000000000e+00 0.000000000000000000e+00 -1.072241691872477531e-03 2.182131446897983551e-02 0.000000000000000000e+00 0.000000000000000000e+00 -2.182131446897983551e-02 6.922873109579086304e-02
-4.067366430758000417e-01 4.160477593541145325e-02 2.405350375920534134e-02 0.000000000000000000e+00 0.000000000000000000e+00 2.405350375920534134e-02 5.648790486156940460e-02 0.000000000000000000e+00 0.000000000000000000e+00 0.000000000000000000e+00 0.000000000000000000e+00 9.254440083168447018e-04 2.226621285080909729e-02 0.000000000000000000e+00 0.000000000000000000e+00 -2.226621285080909729e-02 7.108228653669357300e-02
-3.907311284892736047e-01 4.219136945903301239e-02 2.402184810489416122e-02 0.000000000000000000e+00 0.000000000000000000e+00 2.402184810489416122e-02 5.736461654305458069e-02 0.000000000000000000e+00 0.000000000000000000e+00 0.000000000000000000e+00 0.000000000000000000e+00 3.030221443623304367e-03 2.270083129405975342e-02 0.000000000000000000e+00 0.000000000000000000e+00 -2.270083129405975342e-02 7.292900234460830688e-02
-3.746065934159120703e-01 4.282515915110707283e-02 2.398641314357519150e-02 0.000000000000000000e+00 0.000000000000000000e+00 2.398641314357519150e-02 5.830170726403594017e-02 0.000000000000000000e+00 0.000000000000000000e+00 0.000000000000000000e+00 0.000000000000000000e+00 5.234890151768922806e-03 2.317009121179580688e-02 0.000000000000000000e+00 0.000000000000000000e+00 -2.317009121179580688e-02 7.483313977718353271e-02
-3.583679495453002684e-01 4.350699577480554581e-02 2.395371347665786743e-02 0.000000000000000000e+00 0.000000000000000000e+00 2.395371347665786743e-02 5.928525235503911972e-02 0.000000000000000000e+00 0.000000000000000000e+00 0.000000000000000000e+00 0.000000000000000000e+00 7.524434477090835571e-03 2.365984953939914703e-02 0.000000000000000000e+00 0.000000000000000000e+00 -2.365984953939914703e-02 7.682669907808303833e-02
-3.420201433256687129e-01 4.426684230566024780e-02 2.394626196473836899e-02 0.000000000000000000e+00 0.000000000000000000e+00 2.394626196473836899e-02 6.034030951559543610e-02 0.000000000000000000e+00 0.000000000000000000e+00 0.000000000000000000e+00 0.000000000000000000e+00 9.894179180264472961e-03 2.421694993972778320e-02 0.000000000000000000e+00 0.000000000000000000e+00 -2.421694993972778320e-02 7.897958159446716309e-02
-3.255681544571564223e-01 4.508084710687398911e-02 2.394352946430444717e-02 0.000000000000000000e+00 0.000000000000000000e+00 2.394352946430444717e-02 6.143177207559347153e-02 0.000000000000000000e+00 0.000000000000000000e+00 0.000000000000000000e+00 0.000000000000000000e+00 1.235351804643869400e-02 2.481202781200408936e-02 0.000000000000000000e+00 0.000000000000000000e+00 -2.481202781200408936e-02 8.121423423290252686e-02
-3.090169943749473402e-01 4.592083767056465149e-02 2.392166107892990112e-02 0.000000000000000000e+00 0.000000000000000000e+00 2.392166107892990112e-02 6.253549084067344666e-02 0.000000000000000000e+00 0.000000000000000000e+00 0.000000000000000000e+00 0.000000000000000000e+00 1.490786112844944000e-02 2.541432343423366547e-02 0.000000000000000000e+00 0.000000000000000000e+00 -2.541432343423366547e-02 8.347964286804199219e-02
-2.923717047227366583e-01 4.684669896960258484e-02 2.391042746603488922e-02 0.000000000000000000e+00 0.000000000000000000e+00 2.391042746603488922e-02 6.373210251331329346e-02 0.000000000000000000e+00 0.000000000000000000e+00 0.000000000000000000e+00 0.000000000000000000e+00 1.758236251771450043e-02 2.604090236127376556e-02 0.000000000000000000e+00 0.000000000000000000e+00 -2.604090236127376556e-02 8.586845546960830688e-02
-2.756373558169990523e-01 4.780883621424436569e-02 2.387031354010105133e-02 0.000000000000000000e+00 0.000000000000000000e+00 2.387031354010105133e-02 6.495019886642694473e-02 0.000000000000000000e+00 0.000000000000000000e+00 0.000000000000000000e+00 0.000000000000000000e+00 2.036740817129611969e-02 2.665899321436882019e-02 0.000000000000000000e+00 0.000000000000000000e+00 -2.665899321436882019e-02 8.829087018966674805e-02
-2.588190451025208505e-01 4.884396586567163467e-02 2.384608052670955658e-02 0.000000000000000000e+00 0.000000000000000000e+00 2.384608052670955658e-02 6.626352947205305099e-02 0.000000000000000000e+00 0.000000000000000000e+00 0.000000000000000000e+00 0.000000000000000000e+00 2.326407097280025482e-02 2.733406238257884979e-02 0.000000000000000000e+00 0.000000000000000000e+00 -2.733406238257884979e-02 9.084220975637435913e-02
-2.419218955996677856e-01 4.997421335428953171e-02 2.383207529783248901e-02 0.000000000000000000e+00 0.000000000000000000e+00 2.383207529783248901e-02 6.766127515584230423e-02 0.000000000000000000e+00 0.000000000000000000e+00 0.000000000000000000e+00 0.000000000000000000e+00 2.624958381056785583e-02 2.810093946754932404e-02 0.000000000000000000e+00 0.000000000000000000e+00 -2.810093946754932404e-02 9.359265863895416260e-02
-2.249510543438648091e-01 5.115482211112976074e-02 2.382076159119606018e-02 0.000000000000000000e+00 0.000000000000000000e+00 2.382076159119606018e-02 6.910329312086105347e-02 0.000000000000000000e+00 0.000000000000000000e+00 0.000000000000000000e+00 0.000000000000000000e+00 2.933206781744956970e-02 2.892910689115524292e-02 0.000000000000000000e+00 0.000000000000000000e+00 -2.892910689115524292e-02 9.642475843429565430e-02
-2.079116908177591205e-01 5.239967349916696548e-02 2.379864826798439026e-02 0.000000000000000000e+00 0.000000000000000000e+00 2.379864826798439026e-02 7.060265447944402695e-02 0.000000000000000000e+00 0.000000000000000000e+00 0.000000000000000000e+00 0.000000000000000000e+00 3.253334760665893555e-02 2.982081286609172821e-02 0.000000000000000000e+00 0.000000000000000000e+00 -2.982081286609172821e-02 9.935722500085830688e-02
-1.908089953765448044e-01 5.369752924889326096e-02 2.376875467598438263e-02 0.000000000000000000e+00 0.000000000000000000e+00 2.376875467598438263e-02 7.216458860784769058e-02 0.000000000000000000e+00 0.000000000000000000e+00 0.000000000000000000e+00 0.000000000000000000e+00 3.585904091596603394e-02 3.074375540018081665e-02 0.000000000000000000e+00 0.000000000000000000e+00 -3.074375540018081665e-02 1.023404598236083984e-01
-1.736481776669303034e-01 5.502714402973651886e-02 2.371647022664546967e-02 0.000000000000000000e+00 0.000000000000000000e+00 2.371647022664546967e-02 7.373954541981220245e-02 0.000000000000000000e+00 0.000000000000000000e+00 0.000000000000000000e+00 0.000000000000000000e+00 3.925727680325508118e-02 3.169831261038780212e-02 0.000000000000000000e+00 0.000000000000000000e+00 -3.169831261038780212e-02 1.053321436047554016e-01
-1.564344650402310355e-01 5.641190242022275925e-02 2.366353757679462433e-02 0.000000000000000000e+00 0.000000000000000000e+00 2.366353757679462433e-02 7.536064181476831436e-02 0.000000000000000000e+00 0.000000000000000000e+00 0.000000000000000000e+00 0.000000000000000000e+00 4.276898875832557678e-02 3.266777098178863525e-02 0.000000000000000000e+00 0.000000000000000000e+00 -3.266777098178863525e-02 1.083910912275314331e-01
-1.391731009600653546e-01 5.781672522425651550e-02 2.360079996287822723e-02 0.000000000000000000e+00 0.000000000000000000e+00 2.360079996287822723e-02 7.698128372430801392e-02 0.000000000000000000e+00 0.000000000000000000e+00 0.000000000000000000e+00 0.000000000000000000e+00 4.631889984011650085e-02 3.366992622613906860e-02 0.000000000000000000e+00 0.000000000000000000e+00 -3.366992622613906860e-02 1.114929690957069397e-01
-1.218693434051473651e-01 5.931054055690765381e-02 2.354929596185684204e-02 0.000000000000000000e+00 0.000000000000000000e+00 2.354929596185684204e-02 7.869046926498413086e-02 0.000000000000000000e+00 0.000000000000000000e+00 0.000000000000000000e+00 0.000000000000000000e+00 4.999540373682975769e-02 3.472468629479408264e-02 0.000000000000000000e+00 0.000000000000000000e+00 -3.472468629479408264e-02 1.147432401776313782e-01
-1.045284632676533321e-01 6.082610785961151123e-02 2.347790077328681946e-02 0.000000000000000000e+00 0.000000000000000000e+00 2.347790077328681946e-02 8.041768521070480347e-02 0.000000000000000000e+00 0.000000000000000000e+00 0.000000000000000000e+00 0.000000000000000000e+00 5.374980717897415161e-02 3.581438213586807251e-02 0.000000000000000000e+00 0.000000000000000000e+00 -3.581438213586807251e-02 1.180199608206748962e-01
-8.715574274765823526e-02 6.236366648226976395e-02 2.339593879878520966e-02 0.000000000000000000e+00 0.000000000000000000e+00 2.339593879878520966e-02 8.214404340833425522e-02 0.000000000000000000e+00 0.000000000000000000e+00 0.000000000000000000e+00 0.000000000000000000e+00 5.758117511868476868e-02 3.690169006586074829e-02 0.000000000000000000e+00 0.000000000000000000e+00 -3.690169006586074829e-02 1.212839409708976746e-01
-6.975647374412533019e-02 6.395146436989307404e-02 2.331077307462692261e-02 0.000000000000000000e+00 0.000000000000000000e+00 2.331077307462692261e-02 8.392657153308391571e-02 0.000000000000000000e+00 0.000000000000000000e+00 0.000000000000000000e+00 0.000000000000000000e+00 6.148131936788558960e-02 3.802466765046119690e-02 0.000000000000000000e+00 0.000000000000000000e+00 -3.802466765046119690e-02 1.246353313326835632e-01
-5.233595624294361953e-02 6.559528596699237823e-02 2.322661504149436951e-02 0.000000000000000000e+00 0.000000000000000000e+00 2.322661504149436951e-02 8.575106225907802582e-02 0.000000000000000000e+00 0.000000000000000000e+00 0.000000000000000000e+00 0.000000000000000000e+00 6.547166407108306885e-02 3.914453461766242981e-02 0.000000000000000000e+00 0.000000000000000000e+00 -3.914453461766242981e-02 1.280752271413803101e-01
-3.489949670250073327e-02 6.728113349527120590e-02 2.314800955355167389e-02 0.000000000000000000e+00 0.000000000000000000e+00 2.314800955355167389e-02 8.762240875512361526e-02 0.000000000000000000e+00 0.000000000000000000e+00 0.000000000000000000e+00 0.000000000000000000e+00 6.953456997871398926e-02 4.032039269804954529e-02 0.000000000000000000e+00 0.000000000000000000e+00 -4.032039269804954529e-02 1.315845102071762085e-01
-1.745240643728347696e-02 6.899097748100757599e-02 2.305837161839008331e-02 0.000000000000000000e+00 0.000000000000000000e+00 2.305837161839008331e-02 8.949185349047183990e-02 0.000000000000000000e+00 0.000000000000000000e+00 0.000000000000000000e+00 0.000000000000000000e+00 7.361493259668350220e-02 4.149279370903968811e-02 0.000000000000000000e+00 0.000000000000000000e+00 -4.149279370903968811e-02 1.350971013307571411e-01
6.123233995736766036e-17 7.075697183609008789e-02 2.296898886561393738e-02 0.000000000000000000e+00 0.000000000000000000e+00 2.296898886561393738e-02 9.140460938215255737e-02 0.000000000000000000e+00 0.000000000000000000e+00 0.000000000000000000e+00 0.000000000000000000e+00 7.778761535882949829e-02 4.274364933371543884e-02 0.000000000000000000e+00 0.000000000000000000e+00 -4.274364933371543884e-02 1.386775523424148560e-01
1.745240643728337634e-02 7.253633067011833191e-02 2.286862023174762726e-02 0.000000000000000000e+00 0.000000000000000000e+00 2.286862023174762726e-02 9.332598745822906494e-02 0.000000000000000000e+00 0.000000000000000000e+00 0.000000000000000000e+00 0.000000000000000000e+00 8.201599121093750000e-02 4.403387010097503662e-02 0.000000000000000000e+00 0.000000000000000000e+00 -4.403387010097503662e-02 1.422583758831024170e-01
3.489949670250108021e-02 7.433625124394893646e-02 2.275215461850166321e-02 0.000000000000000000e+00 0.000000000000000000e+00 2.275215461850166321e-02 9.525898285210132599e-02 0.000000000000000000e+00 0.000000000000000000e+00 0.000000000000000000e+00 0.000000000000000000e+00 8.631944656372070312e-02 4.529996588826179504e-02 0.000000000000000000e+00 0.000000000000000000e+00 -4.529996588826179504e-02 1.458374857902526855e-01
5.233595624294396648e-02 7.619054988026618958e-02 2.263540029525756836e-02 0.000000000000000000e+00 0.000000000000000000e+00 2.263540029525756836e-02 9.723819419741630554e-02 0.000000000000000000e+00 0.000000000000000000e+00 0.000000000000000000e+00 0.000000000000000000e+00 9.069470316171646118e-02 4.658300429582595825e-02 0.000000000000000000e+00 0.000000000000000000e+00 -4.658300429582595825e-02 1.495030075311660767e-01
6.975647374412545509e-02 7.810560055077075958e-02 2.251794934272766113e-02 0.000000000000000000e+00 0.000000000000000000e+00 2.251794934272766113e-02 9.925801865756511688e-02 0.000000000000000000e+00 0.000000000000000000e+00 0.000000000000000000e+00 0.000000000000000000e+00 9.514251351356506348e-02 4.790485650300979614e-02 0.000000000000000000e+00 0.000000000000000000e+00 -4.790485650300979614e-02 1.532777398824691772e-01
8.715574274765813811e-02 8.007236290723085403e-02 2.240506187081336975e-02 0.000000000000000000e+00 0.000000000000000000e+00 2.240506187081336975e-02 1.013170210644602776e-01 0.000000000000000000e+00 0.000000000000000000e+00 0.000000000000000000e+00 0.000000000000000000e+00 9.966350346803665161e-02 4.924363270401954651e-02 0.000000000000000000e+00 0.000000000000000000e+00 -4.924363270401954651e-02 1.570955663919448853e-01
1.045284632676534570e-01 8.207534532994031906e-02 2.230814844369888306e-02 0.000000000000000000e+00 0.000000000000000000e+00 2.230814844369888306e-02 1.034078719094395638e-01 0.000000000000000000e+00 0.000000000000000000e+00 0.000000000000000000e+00 0.000000000000000000e+00 1.042120680212974548e-01 5.059888213872909546e-02 0.000000000000000000e+00 0.000000000000000000e+00 -5.059888213872909546e-02 1.610006242990493774e-01
1.218693434051474900e-01 8.407601807266473770e-02 2.221240103244781494e-02 0.000000000000000000e+00 0.000000000000000000e+00 2.221240103244781494e-02 1.054986706003546715e-01 0.000000000000000000e+00 0.000000000000000000e+00 0.000000000000000000e+00 0.000000000000000000e+00 1.087629646062850952e-01 5.197128653526306152e-02 0.000000000000000000e+00 0.000000000000000000e+00 -5.197128653526306152e-02 1.648760288953781128e-01
1.391731009600656876e-01 8.607798721641302109e-02 2.211275696754455566e-02 0.000000000000000000e+00 0.000000000000000000e+00 2.211275696754455566e-02 1.075959959998726845e-01 0.000000000000000000e+00 0.000000000000000000e+00 0.000000000000000000e+00 0.000000000000000000e+00 1.133353188633918762e-01 5.328948795795440674e-02 0.000000000000000000e+00 0.000000000000000000e+00 -5.328948795795440674e-02 1.687421053647994995e-01
1.564344650402309245e-01 8.804145082831382751e-02 2.200673520565032959e-02 0.000000000000000000e+00 0.000000000000000000e+00 2.200673520565032959e-02 1.096445508301258087e-01 0.000000000000000000e+00 0.000000000000000000e+00 0.000000000000000000e+00 0.000000000000000000e+00 1.178526654839515686e-01 5.457573756575584412e-02 0.000000000000000000e+00 0.000000000000000000e+00 -5.457573756575584412e-02 1.725009083747863770e-01
1.736481776669304145e-01 9.004659112542867661e-02 2.190747484564781189e-02 0.000000000000000000e+00 0.000000000000000000e+00 2.190747484564781189e-02 1.117379376664757729e-01 0.000000000000000000e+00 0.000000000000000000e+00 0.000000000000000000e+00 0.000000000000000000e+00 1.224067807197570801e-01 5.584932118654251099e-02 0.000000000000000000e+00 0.000000000000000000e+00 -5.584932118654251099e-02 1.763158589601516724e-01
1.908089953765449154e-01 9.205657057464122772e-02 2.180625498294830322e-02 0.000000000000000000e+00 0.000000000000000000e+00 2.180625498294830322e-02 1.138303894549608231e-01 0.000000000000000000e+00 0.000000000000000000e+00 0.000000000000000000e+00 0.000000000000000000e+00 1.269702762365341187e-01 5.713538080453872681e-02 0.000000000000000000e+00 0.000000000000000000e+00 -5.713538080453872681e-02 1.801386177539825439e-01
2.079116908177594536e-01 9.399397019296884537e-02 2.168020233511924744e-02 0.000000000000000000e+00 0.000000000000000000e+00 2.168020233511924744e-02 1.158450832590460777e-01 0.000000000000000000e+00 0.000000000000000000e+00 0.000000000000000000e+00 0.000000000000000000e+00 1.314105242490768433e-01 5.833715572953224182e-02 0.000000000000000000e+00 0.000000000000000000e+00 -5.833715572953224182e-02 1.837721616029739380e-01
2.249510543438649202e-01 9.592754859477281570e-02 2.155386656522750854e-02 0.000000000000000000e+00 0.000000000000000000e+00 2.155386656522750854e-02 1.178641943261027336e-01 0.000000000000000000e+00 0.000000000000000000e+00 0.000000000000000000e+00 0.000000000000000000e+00 1.358484476804733276e-01 5.954929813742637634e-02 0.000000000000000000e+00 0.000000000000000000e+00 -5.954929813742637634e-02 1.873824745416641235e-01
2.419218955996678966e-01 9.782796259969472885e-02 2.140654250979423523e-02 0.000000000000000000e+00 0.000000000000000000e+00 2.140654250979423523e-02 1.198583999648690224e-01 0.000000000000000000e+00 0.000000000000000000e+00 0.000000000000000000e+00 0.000000000000000000e+00 1.402789503335952759e-01 6.072242185473442078e-02 0.000000000000000000e+00 0.000000000000000000e+00 -6.072242185473442078e-02 1.909200549125671387e-01
2.588190451025207395e-01 9.972393885254859924e-02 2.126000449061393738e-02 0.000000000000000000e+00 0.000000000000000000e+00 2.126000449061393738e-02 1.218554712831974030e-01 0.000000000000000000e+00 0.000000000000000000e+00 0.000000000000000000e+00 0.000000000000000000e+00 1.447000801563262939e-01 6.185208261013031006e-02 0.000000000000000000e+00 0.000000000000000000e+00 -6.185208261013031006e-02 1.944563984870910645e-01
2.756373558169991633e-01 1.016133474186062813e-01 2.112148329615592957e-02 0.000000000000000000e+00 0.000000000000000000e+00 2.112148329615592957e-02 1.238431064411997795e-01 0.000000000000000000e+00 0.000000000000000000e+00 0.000000000000000000e+00 0.000000000000000000e+00 1.491085737943649292e-01 6.293613463640213013e-02 0.000000000000000000e+00 0.000000000000000000e+00 -6.293613463640213013e-02 1.979369521141052246e-01
2.923717047227367694e-01 1.034517250955104828e-01 2.098405361175537109e-02 0.000000000000000000e+00 0.000000000000000000e+00 2.098405361175537109e-02 1.257795728743076324e-01 0.000000000000000000e+00 0.000000000000000000e+00 0.000000000000000000e+00 0.000000000000000000e+00 1.534446328878402710e-01 6.392169743776321411e-02 0.000000000000000000e+00 0.000000000000000000e+00 -6.392169743776321411e-02 2.013113051652908325e-01
3.090169943749474513e-01 1.052306089550256729e-01 2.085582539439201355e-02 0.000000000000000000e+00 0.000000000000000000e+00 2.085582539439201355e-02 1.276571433991193771e-01 0.000000000000000000e+00 0.000000000000000000e+00 0.000000000000000000e+00 0.000000000000000000e+00 1.576200574636459351e-01 6.480546295642852783e-02 0.000000000000000000e+00 0.000000000000000000e+00 -6.480546295642852783e-02 2.045765519142150879e-01
3.255681544571567554e-01 1.069579226896166801e-01 2.072435244917869568e-02 0.000000000000000000e+00 0.000000000000000000e+00 2.072435244917869568e-02 1.294927867129445076e-01 0.000000000000000000e+00 0.000000000000000000e+00 0.000000000000000000e+00 0.000000000000000000e+00 1.617374569177627563e-01 6.561205536127090454e-02 0.000000000000000000e+00 0.000000000000000000e+00 -6.561205536127090454e-02 2.077576071023941040e-01
3.420201433256688239e-01 1.087137851864099503e-01 2.060518041253089905e-02 0.000000000000000000e+00 0.000000000000000000e+00 2.060518041253089905e-02 1.313752662390470505e-01 0.000000000000000000e+00 0.000000000000000000e+00 0.000000000000000000e+00 0.000000000000000000e+00 1.658822596073150635e-01 6.635852903127670288e-02 0.000000000000000000e+00 0.000000000000000000e+00 -6.635852903127670288e-02 2.110026925802230835e-01
3.583679495453003794e-01 1.105163944885134697e-01 2.048419415950775146e-02 0.000000000000000000e+00 0.000000000000000000e+00 2.048419415950775146e-02 1.333145843818783760e-01 0.000000000000000000e+00 0.000000000000000000e+00 0.000000000000000000e+00 0.000000000000000000e+00 1.701391488313674927e-01 6.704176962375640869e-02 0.000000000000000000e+00 0.000000000000000000e+00 -6.704176962375640869e-02 2.143400013446807861e-01
3.746065934159119593e-01 1.122925588861107826e-01 2.034687623381614685e-02 0.000000000000000000e+00 0.000000000000000000e+00 2.034687623381614685e-02 1.352130537852644920e-01 0.000000000000000000e+00 0.000000000000000000e+00 0.000000000000000000e+00 0.000000000000000000e+00 1.743894219398498535e-01 6.761156767606735229e-02 0.000000000000000000e+00 0.000000000000000000e+00 -6.761156767606735229e-02 2.176193445920944214e-01
3.907311284892739378e-01 1.140620047226548195e-01 2.021512761712074280e-02 0.000000000000000000e+00 0.000000000000000000e+00 2.021512761712074280e-02 1.371071031317114830e-01 0.000000000000000000e+00 0.000000000000000000e+00 0.000000000000000000e+00 0.000000000000000000e+00 1.786629259586334229e-01 6.805929541587829590e-02 0.000000000000000000e+00 0.000000000000000000e+00 -6.805929541587829590e-02 2.209448516368865967e-01
4.067366430758002083e-01 1.158418245613574982e-01 2.007470652461051941e-02 0.000000000000000000e+00 0.000000000000000000e+00 2.007470652461051941e-02 1.390081234276294708e-01 0.000000000000000000e+00 0.000000000000000000e+00 0.000000000000000000e+00 0.000000000000000000e+00 1.829586029052734375e-01 6.841035187244415283e-02 0.000000000000000000e+00 0.000000000000000000e+00 -6.841035187244415283e-02 2.242585271596908569e-01
4.226182617406994413e-01 1.176744271069765091e-01 1.993229240179061890e-02 0.000000000000000000e+00 0.000000000000000000e+00 1.993229240179061890e-02 1.409603636711835861e-01 0.000000000000000000e+00 0.000000000000000000e+00 0.000000000000000000e+00 0.000000000000000000e+00 1.873680502176284790e-01 6.865485757589340210e-02 0.000000000000000000e+00 0.000000000000000000e+00 -6.865485757589340210e-02 2.276953160762786865e-01
4.383711467890774593e-01 1.195663884282112122e-01 1.978750899434089661e-02 0.000000000000000000e+00 0.000000000000000000e+00 1.978750899434089661e-02 1.429579406976699829e-01 0.000000000000000000e+00 0.000000000000000000e+00 0.000000000000000000e+00 0.000000000000000000e+00 1.919237077236175537e-01 6.878802180290222168e-02 0.000000000000000000e+00 0.000000000000000000e+00 -6.878802180290222168e-02 2.312268316745758057e-01
4.539904997395468045e-01 1.215613419190049171e-01 1.964638754725456238e-02 0.000000000000000000e+00 0.000000000000000000e+00 1.964638754725456238e-02 1.450452348217368126e-01 0.000000000000000000e+00 0.000000000000000000e+00 0.000000000000000000e+00 0.000000000000000000e+00 1.966626942157745361e-01 6.888853013515472412e-02 0.000000000000000000e+00 0.000000000000000000e+00 -6.888853013515472412e-02 2.349307090044021606e-01
4.694715627858908613e-01 1.236715242266654968e-01 1.950041577219963074e-02 0.000000000000000000e+00 0.000000000000000000e+00 1.950041577219963074e-02 1.472269743680953979e-01 0.000000000000000000e+00 0.000000000000000000e+00 0.000000000000000000e+00 0.000000000000000000e+00 2.016514837741851807e-01 6.895259767770767212e-02 0.000000000000000000e+00 0.000000000000000000e+00 -6.895259767770767212e-02 2.388703972101211548e-01
4.848096202463371140e-01 1.259452290832996368e-01 1.935467869043350220e-02 0.000000000000000000e+00 0.000000000000000000e+00 1.935467869043350220e-02 1.495447419583797455e-01 0.000000000000000000e+00 0.000000000000000000e+00 0.000000000000000000e+00 0.000000000000000000e+00 2.069002687931060791e-01 6.890391558408737183e-02 0.000000000000000000e+00 0.000000000000000000e+00 -6.890391558408737183e-02 2.430960237979888916e-01
5.000000000000001110e-01 1.283709229901432991e-01 1.922359690070152283e-02 0.000000000000000000e+00 0.000000000000000000e+00 1.922359690070152283e-02 1.519812000915408134e-01 0.000000000000000000e+00 0.000000000000000000e+00 0.000000000000000000e+00 0.000000000000000000e+00 2.124159783124923706e-01 6.879689544439315796e-02 0.000000000000000000e+00 0.000000000000000000e+00 -6.879689544439315796e-02 2.476433068513870239e-01
5.150380749100543776e-01 1.309655103832483292e-01 1.909825950860977173e-02 0.000000000000000000e+00 0.000000000000000000e+00 1.909825950860977173e-02 1.545372959226369858e-01 0.000000000000000000e+00 0.000000000000000000e+00 0.000000000000000000e+00 0.000000000000000000e+00 2.182704657316207886e-01 6.859188526868820190e-02 0.000000000000000000e+00 0.000000000000000000e+00 -6.859188526868820190e-02 2.525178492069244385e-01
5.299192642332049008e-01 1.338282283395528793e-01 1.897257566452026367e-02 0.000000000000000000e+00 0.000000000000000000e+00 1.897257566452026367e-02 1.573259178549051285e-01 0.000000000000000000e+00 0.000000000000000000e+00 0.000000000000000000e+00 0.000000000000000000e+00 2.245773524045944214e-01 6.825519353151321411e-02 0.000000000000000000e+00 0.000000000000000000e+00 -6.825519353151321411e-02 2.578822076320648193e-01
5.446390350150271953e-01 1.369544118642807007e-01 1.886045932769775391e-02 0.000000000000000000e+00 0.000000000000000000e+00 1.886045932769775391e-02 1.603239625692367554e-01 0.000000000000000000e+00 0.000000000000000000e+00 0.000000000000000000e+00 0.000000000000000000e+00 2.313840091228485107e-01 6.783735752105712891e-02 0.000000000000000000e+00 0.000000000000000000e+00 -6.783735752105712891e-02 2.637784481048583984e-01
5.591929034707467938e-01 1.404176652431488037e-01 1.874831318855285645e-02 0.000000000000000000e+00 0.000000000000000000e+00 1.874831318855285645e-02 1.635849773883819580e-01 0.000000000000000000e+00 0.000000000000000000e+00 0.000000000000000000e+00 0.000000000000000000e+00 2.387762814760208130e-01 6.734365224838256836e-02 0.000000000000000000e+00 0.000000000000000000e+00 -6.734365224838256836e-02 2.702625393867492676e-01
5.735764363510461594e-01 1.443156935274600983e-01 1.864331960678100586e-02 0.000000000000000000e+00 0.000000000000000000e+00 1.864331960678100586e-02 1.671969257295131683e-01 0.000000000000000000e+00 0.000000000000000000e+00 0.000000000000000000e+00 0.000000000000000000e+00 2.469498813152313232e-01 6.679505854845046997e-02 0.000000000000000000e+00 0.000000000000000000e+00 -6.679505854845046997e-02 2.775046825408935547e-01
5.877852522924731371e-01 1.487496849149465561e-01 1.854237914085388184e-02 0.000000000000000000e+00 0.000000000000000000e+00 1.854237914085388184e-02 1.712647918611764908e-01 0.000000000000000000e+00 0.000000000000000000e+00 0.000000000000000000e+00 0.000000000000000000e+00 2.560758590698242188e-01 6.617048382759094238e-02 0.000000000000000000e+00 0.000000000000000000e+00 -6.617048382759094238e-02 2.857151031494140625e-01
6.018150231520483784e-01 1.536079179495573044e-01 1.842394471168518066e-02 0.000000000000000000e+00 0.000000000000000000e+00 1.842394471168518066e-02 1.756434310227632523e-01 0.000000000000000000e+00 0.000000000000000000e+00 0.000000000000000000e+00 0.000000000000000000e+00 2.660076916217803955e-01 6.549515575170516968e-02 0.000000000000000000e+00 0.000000000000000000e+00 -6.549515575170516968e-02 2.946732640266418457e-01
6.156614753256582917e-01 1.587741943076252937e-01 1.825865358114242554e-02 0.000000000000000000e+00 0.000000000000000000e+00 1.825865358114242554e-02 1.802076874300837517e-01 0.000000000000000000e+00 0.000000000000000000e+00 0.000000000000000000e+00 0.000000000000000000e+00 2.765551507472991943e-01 6.462340801954269409e-02 0.000000000000000000e+00 0.000000000000000000e+00 -6.462340801954269409e-02 3.041543364524841309e-01
6.293203910498375020e-01 1.646347781643271446e-01 1.810308545827865601e-02 0.000000000000000000e+00 0.000000000000000000e+00 1.810308545827865601e-02 1.853582272306084633e-01 0.000000000000000000e+00 0.000000000000000000e+00 0.000000000000000000e+00 0.000000000000000000e+00 2.883749306201934814e-01 6.372286379337310791e-02 0.000000000000000000e+00 0.000000000000000000e+00 -6.372286379337310791e-02 3.149454295635223389e-01
6.427876096865393629e-01 1.715306146070361137e-01 1.798038184642791748e-02 0.000000000000000000e+00 0.000000000000000000e+00 1.798038184642791748e-02 1.914077596738934517e-01 0.000000000000000000e+00 0.000000000000000000e+00 0.000000000000000000e+00 0.000000000000000000e+00 3.020464181900024414e-01 6.286650151014328003e-02 0.000000000000000000e+00 0.000000000000000000e+00 -6.286650151014328003e-02 3.276557326316833496e-01
6.560590289905072758e-01 1.795123219490051270e-01 1.789248734712600708e-02 0.000000000000000000e+00 0.000000000000000000e+00 1.789248734712600708e-02 1.984018236398696899e-01 0.000000000000000000e+00 0.000000000000000000e+00 0.000000000000000000e+00 0.000000000000000000e+00 3.176381587982177734e-01 6.201349943876266479e-02 0.000000000000000000e+00 0.000000000000000000e+00 -6.201349943876266479e-02 3.423360288143157959e-01
6.691306063588582376e-01 1.884271977469325066e-01 1.779948920011520386e-02 0.000000000000000000e+00 0.000000000000000000e+00 1.779948920011520386e-02 2.061729105189442635e-01 0.000000000000000000e+00 0.000000000000000000e+00 0.000000000000000000e+00 0.000000000000000000e+00 3.349530100822448730e-01 6.108827143907546997e-02 0.000000000000000000e+00 0.000000000000000000e+00 -6.108827143907546997e-02 3.587430119514465332e-01
6.819983600624984765e-01 1.982333557680249214e-01 1.768539845943450928e-02 0.000000000000000000e+00 0.000000000000000000e+00 1.768539845943450928e-02 2.146948976442217827e-01 0.000000000000000000e+00 0.000000000000000000e+00 0.000000000000000000e+00 0.000000000000000000e+00 3.540217578411102295e-01 6.011690571904182434e-02 0.000000000000000000e+00 0.000000000000000000e+00 -6.011690571904182434e-02 3.767504990100860596e-01
6.946583704589973651e-01 2.089874767698347569e-01 1.754201203584671021e-02 0.000000000000000000e+00 0.000000000000000000e+00 1.754201203584671021e-02 2.240274972282350063e-01 0.000000000000000000e+00 0.000000000000000000e+00 0.000000000000000000e+00 0.000000000000000000e+00 3.748537003993988037e-01 5.912090837955474854e-02 0.000000000000000000e+00 0.000000000000000000e+00 -5.912090837955474854e-02 3.965266644954681396e-01
7.071067811865475727e-01 2.210120595991611481e-01 1.740561425685882568e-02 0.000000000000000000e+00 0.000000000000000000e+00 1.740561425685882568e-02 2.344756685197353363e-01 0.000000000000000000e+00 0.000000000000000000e+00 0.000000000000000000e+00 0.000000000000000000e+00 3.981717824935913086e-01 5.810042843222618103e-02 0.000000000000000000e+00 0.000000000000000000e+00 -5.810042843222618103e-02 4.187152981758117676e-01
7.193398003386511919e-01 2.347710146568715572e-01 1.727925986051559448e-02 0.000000000000000000e+00 0.000000000000000000e+00 1.727925986051559448e-02 2.464693323709070683e-01 0.000000000000000000e+00 0.000000000000000000e+00 0.000000000000000000e+00 0.000000000000000000e+00 4.246056079864501953e-01 5.720209330320358276e-02 0.000000000000000000e+00 0.000000000000000000e+00 -5.720209330320358276e-02 4.441028237342834473e-01
7.313537016191705709e-01 2.504487568512558937e-01 1.718109101057052612e-02 0.000000000000000000e+00 0.000000000000000000e+00 1.718109101057052612e-02 2.601878857240080833e-01 0.000000000000000000e+00 0.000000000000000000e+00 0.000000000000000000e+00 0.000000000000000000e+00 4.546380341053009033e-01 5.624388158321380615e-02 0.000000000000000000e+00 0.000000000000000000e+00 -5.624388158321380615e-02 4.731134772300720215e-01
7.431448254773942441e-01 2.681076126173138618e-01 1.709431409835815430e-02 0.000000000000000000e+00 0.000000000000000000e+00 1.709431409835815430e-02 2.757025165483355522e-01 0.000000000000000000e+00 0.000000000000000000e+00 0.000000000000000000e+00 0.000000000000000000e+00 4.884089529514312744e-01 5.531448125839233398e-02 0.000000000000000000e+00 0.000000000000000000e+00 -5.531448125839233398e-02 5.058645009994506836e-01
7.547095802227721251e-01 2.877531386911869049e-01 1.701454818248748779e-02 0.000000000000000000e+00 0.000000000000000000e+00 1.701454818248748779e-02 2.930164299905300140e-01 0.000000000000000000e+00 0.000000000000000000e+00 0.000000000000000000e+00 0.000000000000000000e+00 5.260217189788818359e-01 5.431745946407318115e-02 0.000000000000000000e+00 0.000000000000000000e+00 -5.431745946407318115e-02 5.423753857612609863e-01
7.660444431189780135e-01 3.095294127706438303e-01 1.693341135978698730e-02 0.000000000000000000e+00 0.000000000000000000e+00 1.693341135978698730e-02 3.123023619409650564e-01 0.000000000000000000e+00 0.000000000000000000e+00 0.000000000000000000e+00 0.000000000000000000e+00 5.677038431167602539e-01 5.328862741589546204e-02 0.000000000000000000e+00 0.000000000000000000e+00 -5.328862741589546204e-02 5.829816460609436035e-01
7.771459614569709018e-01 3.339269515054184012e-01 1.685829460620880127e-02 0.000000000000000000e+00 0.000000000000000000e+00 1.685829460620880127e-02 3.340549413187545724e-01 0.000000000000000000e+00 0.000000000000000000e+00 0.000000000000000000e+00 0.000000000000000000e+00 6.144071817398071289e-01 5.228355526924133301e-02 0.000000000000000000e+00 0.000000000000000000e+00 -5.228355526924133301e-02 6.286516785621643066e-01
7.880107536067220142e-01 3.614573425147682428e-01 1.683077216148376465e-02 0.000000000000000000e+00 0.000000000000000000e+00 1.683077216148376465e-02 3.587794953491538763e-01 0.000000000000000000e+00 0.000000000000000000e+00 0.000000000000000000e+00 0.000000000000000000e+00 6.671246290206909180e-01 5.134047940373420715e-02 0.000000000000000000e+00 0.000000000000000000e+00 -5.134047940373420715e-02 6.803179383277893066e-01
7.986355100472928292e-01 3.919909391552209854e-01 1.680836081504821777e-02 0.000000000000000000e+00 0.000000000000000000e+00 1.680836081504821777e-02 3.863905873149633408e-01 0.000000000000000000e+00 0.000000000000000000e+00 0.000000000000000000e+00 0.000000000000000000e+00 7.257640361785888672e-01 5.036824941635131836e-02 0.000000000000000000e+00 0.000000000000000000e+00 -5.036824941635131836e-02 7.377815842628479004e-01
8.090169943749474513e-01 4.251983673311769962e-01 1.678575575351715088e-02 0.000000000000000000e+00 0.000000000000000000e+00 1.678575575351715088e-02 4.166282205842435360e-01 0.000000000000000000e+00 0.000000000000000000e+00 0.000000000000000000e+00 0.000000000000000000e+00 7.896966338157653809e-01 4.924989864230155945e-02 0.000000000000000000e+00 0.000000000000000000e+00 -4.924989864230155945e-02 8.007265925407409668e-01
8.191520442889917986e-01 4.618221535347402096e-01 1.678612828254699707e-02 0.000000000000000000e+00 0.000000000000000000e+00 1.678612828254699707e-02 4.503035531379282475e-01 0.000000000000000000e+00 0.000000000000000000e+00 0.000000000000000000e+00 0.000000000000000000e+00 8.604905605316162109e-01 4.807928577065467834e-02 0.000000000000000000e+00 0.000000000000000000e+00 -4.807928577065467834e-02 8.703258633613586426e-01
8.290375725550416242e-01 5.029049445874989033e-01 1.680995523929595947e-02 0.000000000000000000e+00 0.000000000000000000e+00 1.680995523929595947e-02 4.884729753248393536e-01 0.000000000000000000e+00 0.000000000000000000e+00 0.000000000000000000e+00 0.000000000000000000e+00 9.399229884147644043e-01 4.693465307354927063e-02 0.000000000000000000e+00 0.000000000000000000e+00 -4.693465307354927063e-02 9.487379789352416992e-01
8.386705679454240503e-01 5.479701971635222435e-01 1.684674620628356934e-02 0.000000000000000000e+00 0.000000000000000000e+00 1.684674620628356934e-02 5.303339147940278053e-01 0.000000000000000000e+00 0.000000000000000000e+00 0.000000000000000000e+00 0.000000000000000000e+00 1.027485847473144531e+00 4.572534188628196716e-02 0.000000000000000000e+00 0.000000000000000000e+00 -4.572534188628196716e-02 1.035047411918640137e+00
8.480480961564259568e-01 5.972524872049689293e-01 1.686778664588928223e-02 0.000000000000000000e+00 0.000000000000000000e+00 1.686778664588928223e-02 5.760093340650200844e-01 0.000000000000000000e+00 0.000000000000000000e+00 0.000000000000000000e+00 0.000000000000000000e+00 1.123352527618408203e+00 4.445371404290199280e-02 0.000000000000000000e+00 0.000000000000000000e+00 -4.445371404290199280e-02 1.129870295524597168e+00
8.571673007021123336e-01 6.509080333635210991e-01 1.692476868629455566e-02 0.000000000000000000e+00 0.000000000000000000e+00 1.692476868629455566e-02 6.272396044805645943e-01 0.000000000000000000e+00 0.000000000000000000e+00 0.000000000000000000e+00 0.000000000000000000e+00 1.228160619735717773e+00 4.316470772027969360e-02 0.000000000000000000e+00 0.000000000000000000e+00 -4.316470772027969360e-02 1.233539700508117676e+00
8.660254037844387076e-01 7.092968970537185669e-01 1.696935296058654785e-02 0.000000000000000000e+00 0.000000000000000000e+00 1.696935296058654785e-02 6.857613176107406616e-01 0.000000000000000000e+00 0.000000000000000000e+00 0.000000000000000000e+00 0.000000000000000000e+00 1.342256784439086914e+00 4.185532033443450928e-02 0.000000000000000000e+00 0.000000000000000000e+00 -4.185532033443450928e-02 1.346686720848083496e+00
8.746197071393957412e-01 7.736777467653155327e-01 1.709902286529541016e-02 0.000000000000000000e+00 0.000000000000000000e+00 1.709902286529541016e-02 7.501208381727337837e-01 0.000000000000000000e+00 0.000000000000000000e+00 0.000000000000000000e+00 0.000000000000000000e+00 1.468723416328430176e+00 4.046117514371871948e-02 0.000000000000000000e+00 0.000000000000000000e+00 -4.046117514371871948e-02 1.472150921821594238e+00
8.829475928589269884e-01 8.442839030176401138e-01 1.712957024574279785e-02 0.000000000000000000e+00 0.000000000000000000e+00 1.712957024574279785e-02 8.174532409757375717e-01 0.000000000000000000e+00 0.000000000000000000e+00 0.000000000000000000e+00 0.000000000000000000e+00 1.607804536819458008e+00 3.883831575512886047e-02 0.000000000000000000e+00 0.000000000000000000e+00 -3.883831575512886047e-02 1.610348463058471680e+00
8.910065241883678988e-01 9.215673673897981644e-01 1.721391081809997559e-02 0.000000000000000000e+00 0.000000000000000000e+00 1.721391081809997559e-02 8.900008331984281540e-01 0.000000000000000000e+00 0.000000000000000000e+00 0.000000000000000000e+00 0.000000000000000000e+00 1.760526418685913086e+00 3.708606213331222534e-02 0.000000000000000000e+00 0.000000000000000000e+00 -3.708606213331222534e-02 1.762003183364868164e+00
8.987940462991670376e-01 1.004668654873967171e+00 1.727735996246337891e-02 0.000000000000000000e+00 0.000000000000000000e+00 1.727735996246337891e-02 9.697723966091871262e-01 0.000000000000000000e+00 0.000000000000000000e+00 0.000000000000000000e+00 0.000000000000000000e+00 1.924818873405456543e+00 3.529805690050125122e-02 0.000000000000000000e+00 0.000000000000000000e+00 -3.529805690050125122e-02 1.925421595573425293e+00
9.063077870366499367e-01 1.092785639688372612e+00 1.724565029144287109e-02 0.000000000000000000e+00 0.000000000000000000e+00 1.724565029144287109e-02 1.055718379095196724e+00 0.000000000000000000e+00 0.000000000000000000e+00 0.000000000000000000e+00 0.000000000000000000e+00 2.099168300628662109e+00 3.350897878408432007e-02 0.000000000000000000e+00 0.000000000000000000e+00 -3.350897878408432007e-02 2.098949909210205078e+00
9.135454576426008666e-01 1.184744223952293396e+00 1.726448535919189453e-02 0.000000000000000000e+00 0.000000000000000000e+00 1.726448535919189453e-02 1.145721808075904846e+00 0.000000000000000000e+00 0.000000000000000000e+00 0.000000000000000000e+00 0.000000000000000000e+00 2.281983613967895508e+00 3.171458467841148376e-02 0.000000000000000000e+00 0.000000000000000000e+00 -3.171458467841148376e-02 2.281037807464599609e+00
9.205048534524403747e-01 1.278095491230487823e+00 1.721245050430297852e-02 0.000000000000000000e+00 0.000000000000000000e+00 1.721245050430297852e-02 1.237474076449871063e+00 0.000000000000000000e+00 0.000000000000000000e+00 0.000000000000000000e+00 0.000000000000000000e+00 2.468394517898559570e+00 2.983493357896804810e-02 0.000000000000000000e+00 0.000000000000000000e+00 -2.983493357896804810e-02 2.466864585876464844e+00
9.271838545667874243e-01 1.372150937095284462e+00 1.710617542266845703e-02 0.000000000000000000e+00 0.000000000000000000e+00 1.710617542266845703e-02 1.330630740150809288e+00 0.000000000000000000e+00 0.000000000000000000e+00 0.000000000000000000e+00 0.000000000000000000e+00 2.656800270080566406e+00 2.783522754907608032e-02 0.000000000000000000e+00 0.000000000000000000e+00 -2.783522754907608032e-02 2.654610633850097656e+00
9.335804264972017430e-01 1.470928497612476349e+00 1.701712608337402344e-02 0.000000000000000000e+00 0.000000000000000000e+00 1.701712608337402344e-02 1.429031066596508026e+00 0.000000000000000000e+00 0.000000000000000000e+00 0.000000000000000000e+00 0.000000000000000000e+00 2.855069398880004883e+00 2.578980661928653717e-02 0.000000000000000000e+00 0.000000000000000000e+00 -2.578980661928653717e-02 2.852428674697875977e+00
9.396926207859084279e-01 1.579123180359601974e+00 1.693123579025268555e-02 0.000000000000000000e+00 0.000000000000000000e+00 1.693123579025268555e-02 1.537007767707109451e+00 0.000000000000000000e+00 0.000000000000000000e+00 0.000000000000000000e+00 0.000000000000000000e+00 3.072188615798950195e+00 2.376670017838478088e-02 0.000000000000000000e+00 0.000000000000000000e+00 -2.376670017838478088e-02 3.069038629531860352e+00
9.455185755993168462e-01 1.698715560138225555e+00 1.686024665832519531e-02 0.000000000000000000e+00 0.000000000000000000e+00 1.686024665832519531e-02 1.656556494534015656e+00 0.000000000000000000e+00 0.000000000000000000e+00 0.000000000000000000e+00 0.000000000000000000e+00 3.312401294708251953e+00 2.180477790534496307e-02 0.000000000000000000e+00 0.000000000000000000e+00 -2.180477790534496307e-02 3.308673381805419922e+00
9.510565162951535312e-01 1.831699276342988014e+00 1.681298017501831055e-02 0.000000000000000000e+00 0.000000000000000000e+00 1.681298017501831055e-02 1.789666866883635521e+00 0.000000000000000000e+00 0.000000000000000000e+00 0.000000000000000000e+00 0.000000000000000000e+00 3.578968286514282227e+00 1.994529180228710175e-02 0.000000000000000000e+00 0.000000000000000000e+00 -1.994529180228710175e-02 3.575313329696655273e+00
9.563047559630354355e-01 1.980066182091832161e+00 1.679599285125732422e-02 0.000000000000000000e+00 0.000000000000000000e+00 1.679599285125732422e-02 1.938333151862025261e+00 0.000000000000000000e+00 0.000000000000000000e+00 0.000000000000000000e+00 0.000000000000000000e+00 3.876903533935546875e+00 1.821472682058811188e-02 0.000000000000000000e+00 0.000000000000000000e+00 -1.821472682058811188e-02 3.872556209564208984e+00
9.612616959383188942e-01 2.146264107897877693e+00 1.681852340698242188e-02 0.000000000000000000e+00 0.000000000000000000e+00 1.681852340698242188e-02 2.105089632794260979e+00 0.000000000000000000e+00 0.000000000000000000e+00 0.000000000000000000e+00 0.000000000000000000e+00 4.210432052612304688e+00 1.660005375742912292e-02 0.000000000000000000e+00 0.000000000000000000e+00 -1.660005375742912292e-02 4.205718517303466797e+00
9.659258262890683122e-01 2.331782864406704903e+00 1.688158512115478516e-02 0.000000000000000000e+00 0.000000000000000000e+00 1.688158512115478516e-02 2.291444016620516777e+00 0.000000000000000000e+00 0.000000000000000000e+00 0.000000000000000000e+00 0.000000000000000000e+00 4.582943916320800781e+00 1.504673436284065247e-02 0.000000000000000000e+00 0.000000000000000000e+00 -1.504673436284065247e-02 4.577821254730224609e+00
9.681476403781077433e-01 2.432505069300532341e+00 1.688492298126220703e-02 0.000000000000000000e+00 0.000000000000000000e+00 1.688492298126220703e-02 2.392714800313115120e+00 0.000000000000000000e+00 0.000000000000000000e+00 0.000000000000000000e+00 0.000000000000000000e+00 4.785132884979248047e+00 1.428057067096233368e-02 0.000000000000000000e+00 0.000000000000000000e+00 -1.428057067096233368e-02 4.779788017272949219e+00
9.702957262759964729e-01 2.539208592846989632e+00 1.686763763427734375e-02 0.000000000000000000e+00 0.000000000000000000e+00 1.686763763427734375e-02 2.500045118853449821e+00 0.000000000000000000e+00 0.000000000000000000e+00 0.000000000000000000e+00 0.000000000000000000e+00 4.999430656433105469e+00 1.350936945527791977e-02 0.000000000000000000e+00 0.000000000000000000e+00 -1.350936945527791977e-02 4.993850231170654297e+00
9.723699203976765570e-01 2.652254877611994743e+00 1.695990562438964844e-02 0.000000000000000000e+00 0.000000000000000000e+00 1.695990562438964844e-02 2.613814057782292366e+00 0.000000000000000000e+00 0.000000000000000000e+00 0.000000000000000000e+00 0.000000000000000000e+00 5.226848602294921875e+00 1.275707222521305084e-02 0.000000000000000000e+00 0.000000000000000000e+00 -1.275707222521305084e-02 5.221018791198730469e+00
9.743700647852352459e-01 2.772275365889072418e+00 1.703858375549316406e-02 0.000000000000000000e+00 0.000000000000000000e+00 1.703858375549316406e-02 2.734635435044765472e+00 0.000000000000000000e+00 0.000000000000000000e+00 0.000000000000000000e+00 0.000000000000000000e+00 5.467846870422363281e+00 1.201286166906356812e-02 0.000000000000000000e+00 0.000000000000000000e+00 -1.201286166906356812e-02 5.461751937866210938e+00
9.762960071199333623e-01 2.899914005771279335e+00 1.695621013641357422e-02 0.000000000000000000e+00 0.000000000000000000e+00 1.695621013641357422e-02 2.863161107525229454e+00 0.000000000000000000e+00 0.000000000000000000e+00 0.000000000000000000e+00 0.000000000000000000e+00 5.723945617675781250e+00 1.129832863807678223e-02 0.000000000000000000e+00 0.000000000000000000e+00 -1.129832863807678223e-02 5.717568874359130859e+00
9.781476007338056888e-01 3.035394689068198204e+00 1.699316501617431641e-02 0.000000000000000000e+00 0.000000000000000000e+00 1.699316501617431641e-02 2.999605873599648476e+00 0.000000000000000000e+00 0.000000000000000000e+00 0.000000000000000000e+00 0.000000000000000000e+00 5.996159076690673828e+00 1.060251984745264053e-02 0.000000000000000000e+00 0.000000000000000000e+00 -1.060251984745264053e-02 5.989482879638671875e+00
9.799247046208295897e-01 3.179690344259142876e+00 1.716923713684082031e-02 0.000000000000000000e+00 0.000000000000000000e+00 1.716923713684082031e-02 3.144957559183239937e+00 0.000000000000000000e+00 0.000000000000000000e+00 0.000000000000000000e+00 0.000000000000000000e+00 6.286494255065917969e+00 9.926377795636653900e-03 0.000000000000000000e+00 0.000000000000000000e+00 -9.926377795636653900e-03 6.278862953186035156e+00
9.816271834476639757e-01 3.332616250962018967e+00 1.716482639312744141e-02 0.000000000000000000e+00 0.000000000000000000e+00 1.716482639312744141e-02 3.299039680510759354e+00 0.000000000000000000e+00 0.000000000000000000e+00 0.000000000000000000e+00 0.000000000000000000e+00 6.593326091766357422e+00 9.279051795601844788e-03 0.000000000000000000e+00 0.000000000000000000e+00 -9.279051795601844788e-03 6.585993766784667969e+00
9.832549075639546166e-01 3.495027754455804825e+00 1.713037490844726562e-02 0.000000000000000000e+00 0.000000000000000000e+00 1.713037490844726562e-02 3.462696816772222519e+00 0.000000000000000000e+00 0.000000000000000000e+00 0.000000000000000000e+00 0.000000000000000000e+00 6.919268608093261719e+00 8.649085648357868195e-03 0.000000000000000000e+00 0.000000000000000000e+00 -8.649085648357868195e-03 6.911577701568603516e+00
9.848077530122080203e-01 3.668226918205618858e+00 1.724898815155029297e-02 0.000000000000000000e+00 0.000000000000000000e+00 1.724898815155029297e-02 3.637259522452950478e+00 0.000000000000000000e+00 0.000000000000000000e+00 0.000000000000000000e+00 0.000000000000000000e+00 7.267318725585937500e+00 8.044622838497161865e-03 0.000000000000000000e+00 0.000000000000000000e+00 -8.044622838497161865e-03 7.259244918823242188e+00
9.851093272994611016e-01 3.704594490118324757e+00 1.723515987396240234e-02 0.000000000000000000e+00 0.000000000000000000e+00 1.723515987396240234e-02 3.673919561319053173e+00 0.000000000000000000e+00 0.000000000000000000e+00 0.000000000000000000e+00 0.000000000000000000e+00 7.340336799621582031e+00 7.931893691420555115e-03 0.000000000000000000e+00 0.000000000000000000e+00 -7.931893691420555115e-03 7.332182884216308594e+00
9.854078979168710006e-01 3.740478592924773693e+00 1.721537113189697266e-02 0.000000000000000000e+00 0.000000000000000000e+00 1.721537113189697266e-02 3.710074585862457752e+00 0.000000000000000000e+00 0.000000000000000000e+00 0.000000000000000000e+00 0.000000000000000000e+00 7.412379741668701172e+00 7.814323529601097107e-03 0.000000000000000000e+00 0.000000000000000000e+00 -7.814323529601097107e-03 7.404146194458007812e+00
9.857034696497465331e-01 3.777163795195519924e+00 1.738560199737548828e-02 0.000000000000000000e+00 0.000000000000000000e+00 1.738560199737548828e-02 3.747048803605139256e+00 0.000000000000000000e+00 0.000000000000000000e+00 0.000000000000000000e+00 0.000000000000000000e+00 7.486417770385742188e+00 7.702604401856660843e-03 0.000000000000000000e+00 0.000000000000000000e+00 -7.702604401856660843e-03 7.478102684020996094e+00
9.859960359601748214e-01 3.814537431113421917e+00 1.736736297607421875e-02 0.000000000000000000e+00 0.000000000000000000e+00 1.736736297607421875e-02 3.784711454994976521e+00 0.000000000000000000e+00 0.000000000000000000e+00 0.000000000000000000e+00 0.000000000000000000e+00 7.561460494995117188e+00 7.588179782032966614e-03 0.000000000000000000e+00 0.000000000000000000e+00 -7.588179782032966614e-03 7.553063392639160156e+00
9.862856015372314378e-01 3.852900740690529346e+00 1.734972000122070312e-02 0.000000000000000000e+00 0.000000000000000000e+00 1.734972000122070312e-02 3.823383095674216747e+00 0.000000000000000000e+00 0.000000000000000000e+00 0.000000000000000000e+00 0.000000000000000000e+00 7.638499736785888672e+00 7.477340288460254669e-03 0.000000000000000000e+00 0.000000000000000000e+00 -7.477340288460254669e-03 7.630017757415771484e+00
9.865721626943777522e-01 3.890293779782950878e+00 1.732373237609863281e-02 0.000000000000000000e+00 0.000000000000000000e+00 1.732373237609863281e-02 3.861041841097176075e+00 0.000000000000000000e+00 0.000000000000000000e+00 0.000000000000000000e+00 0.000000000000000000e+00 7.713573455810546875e+00 7.366318721324205399e-03 0.000000000000000000e+00 0.000000000000000000e+00 -7.366318721324205399e-03 7.705008983612060547e+00
9.868557158688360254e-01 3.930144165642559528e+00 1.730525493621826172e-02 0.000000000000000000e+00 0.000000000000000000e+00 1.730525493621826172e-02 3.901228810660541058e+00 0.000000000000000000e+00 0.000000000000000000e+00 0.000000000000000000e+00 0.000000000000000000e+00 7.793616771697998047e+00 7.257156074047088623e-03 0.000000000000000000e+00 0.000000000000000000e+00 -7.257156074047088623e-03 7.784964084625244141e+00
9.871362656052246054e-01 3.968341854400932789e+00 1.747465133666992188e-02 0.000000000000000000e+00 0.000000000000000000e+00 1.747465133666992188e-02 3.939691516570746899e+00 0.000000000000000000e+00 0.000000000000000000e+00 0.000000000000000000e+00 0.000000000000000000e+00 7.869907379150390625e+00 7.148684468120336533e-03 0.000000000000000000e+00 0.000000000000000000e+00 -7.148684468120336533e-03 7.861964225769042969e+00
9.874138056979103739e-01 4.009192910045385361e+00 1.745438575744628906e-02 0.000000000000000000e+00 0.000000000000000000e+00 1.745438575744628906e-02 3.980880770832300186e+00 0.000000000000000000e+00 0.000000000000000000e+00 0.000000000000000000e+00 0.000000000000000000e+00 7.951954841613769531e+00 7.041119504719972610e-03 0.000000000000000000e+00 0.000000000000000000e+00 -7.041119504719972610e-03 7.943930149078369141e+00
9.876883405951377704e-01 4.048583671450614929e+00 1.742362976074218750e-02 0.000000000000000000e+00 0.000000000000000000e+00 1.742362976074218750e-02 4.020551994442939758e+00 0.000000000000000000e+00 0.000000000000000000e+00 0.000000000000000000e+00 0.000000000000000000e+00 8.031046867370605469e+00 6.932957563549280167e-03 0.000000000000000000e+00 0.000000000000000000e+00 -6.932957563549280167e-03 8.022943496704101562e+00
9.879598667994358152e-01 4.090450128540396690e+00 1.739931106567382812e-02 0.000000000000000000e+00 0.000000000000000000e+00 1.739931106567382812e-02 4.062733808532357216e+00 0.000000000000000000e+00 0.000000000000000000e+00 0.000000000000000000e+00 0.000000000000000000e+00 8.115109443664550781e+00 6.827958859503269196e-03 0.000000000000000000e+00 0.000000000000000000e+00 -6.827958859503269196e-03 8.106102943420410156e+00
9.882283809372703898e-01 4.131818608380854130e+00 1.736903190612792969e-02 0.000000000000000000e+00 0.000000000000000000e+00 1.736903190612792969e-02 4.104425116442143917e+00 0.000000000000000000e+00 0.000000000000000000e+00 0.000000000000000000e+00 0.000000000000000000e+00 8.198197364807128906e+00 6.721827201545238495e-03 0.000000000000000000e+00 0.000000000000000000e+00 -6.721827201545238495e-03 8.189099311828613281e+00
9.884938873122234293e-01 4.173984174616634846e+00 1.754760742187500000e-02 0.000000000000000000e+00 0.000000000000000000e+00 1.754760742187500000e-02 4.146902437321841717e+00 0.000000000000000000e+00 0.000000000000000000e+00 0.000000000000000000e+00 0.000000000000000000e+00 8.283285140991210938e+00 6.617937237024307251e-03 0.000000000000000000e+00 0.000000000000000000e+00 -6.617937237024307251e-03 8.274092674255371094e+00
9.887563800514140855e-01 4.217349528335034847e+00 1.751923561096191406e-02 0.000000000000000000e+00 0.000000000000000000e+00 1.751923561096191406e-02 4.190593720413744450e+00 0.000000000000000000e+00 0.000000000000000000e+00 0.000000000000000000e+00 0.000000000000000000e+00 8.370371818542480469e+00 6.514604669064283371e-03 0.000000000000000000e+00 0.000000000000000000e+00 -6.514604669064283371e-03 8.361084938049316406e+00
9.890158633619168249e-01 4.259735498577356339e+00 1.748228073120117188e-02 0.000000000000000000e+00 0.000000000000000000e+00 1.748228073120117188e-02 4.233281698077917099e+00 0.000000000000000000e+00 0.000000000000000000e+00 0.000000000000000000e+00 0.000000000000000000e+00 8.455493927001953125e+00 6.410484202206134796e-03 0.000000000000000000e+00 0.000000000000000000e+00 -6.410484202206134796e-03 8.446113586425781250e+00
9.892723339355948831e-01 4.304100410081446171e+00 1.744937896728515625e-02 0.000000000000000000e+00 0.000000000000000000e+00 1.744937896728515625e-02 4.277982338331639767e+00 0.000000000000000000e+00 0.000000000000000000e+00 0.000000000000000000e+00 0.000000000000000000e+00 8.543737411499023438e+00 6.309353746473789215e-03 0.000000000000000000e+00 0.000000000000000000e+00 -6.309353746473789215e-03 8.535120010375976562e+00
9.895257885884146676e-01 4.348258915357291698e+00 1.762962341308593750e-02 0.000000000000000000e+00 0.000000000000000000e+00 1.762962341308593750e-02 4.322463092394173145e+00 0.000000000000000000e+00 0.000000000000000000e+00 0.000000000000000000e+00 0.000000000000000000e+00 8.632850646972656250e+00 6.207364611327648163e-03 0.000000000000000000e+00 0.000000000000000000e+00 -6.207364611327648163e-03 8.624144554138183594e+00
9.897762313825937408e-01 4.392149273306131363e+00 1.758790016174316406e-02 0.000000000000000000e+00 0.000000000000000000e+00 1.758790016174316406e-02 4.366655524820089340e+00 0.000000000000000000e+00 0.000000000000000000e+00 0.000000000000000000e+00 0.000000000000000000e+00 8.720990180969238281e+00 6.106540095061063766e-03 0.000000000000000000e+00 0.000000000000000000e+00 -6.106540095061063766e-03 8.712196350097656250e+00
9.900236567784508335e-01 4.439499294385313988e+00 1.755571365356445312e-02 0.000000000000000000e+00 0.000000000000000000e+00 1.755571365356445312e-02 4.414370143786072731e+00 0.000000000000000000e+00 0.000000000000000000e+00 0.000000000000000000e+00 0.000000000000000000e+00 8.816091537475585938e+00 6.007173564285039902e-03 0.000000000000000000e+00 0.000000000000000000e+00 -6.007173564285039902e-03 8.806313514709472656e+00
9.902680687415703620e-01 4.484889676794409752e+00 1.751089096069335938e-02 0.000000000000000000e+00 0.000000000000000000e+00 1.751089096069335938e-02 4.460069010034203529e+00 0.000000000000000000e+00 0.000000000000000000e+00 0.000000000000000000e+00 0.000000000000000000e+00 8.907242774963378906e+00 5.907929036766290665e-03 0.000000000000000000e+00 0.000000000000000000e+00 -5.907929036766290665e-03 8.897364616394042969e+00
9.905094630095356845e-01 4.531046637333929539e+00 1.769232749938964844e-02 0.000000000000000000e+00 0.000000000000000000e+00 1.769232749938964844e-02 4.506549588404595852e+00 0.000000000000000000e+00 0.000000000000000000e+00 0.000000000000000000e+00 0.000000000000000000e+00 9.000396728515625000e+00 5.810336675494909286e-03 0.000000000000000000e+00 0.000000000000000000e+00 -5.810336675494909286e-03 8.990416526794433594e+00
9.907478400196531032e-01 4.580395017750561237e+00 1.765608787536621094e-02 0.000000000000000000e+00 0.000000000000000000e+00 1.765608787536621094e-02 4.556272710673511028e+00 0.000000000000000000e+00 0.000000000000000000e+00 0.000000000000000000e+00 0.000000000000000000e+00 9.098604202270507812e+00 5.714143626391887665e-03 0.000000000000000000e+00 0.000000000000000000e+00 -5.714143626391887665e-03 9.089431762695312500e+00
9.909832001608697150e-01 4.628271508961915970e+00 1.760911941528320312e-02 0.000000000000000000e+00 0.000000000000000000e+00 1.760911941528320312e-02 4.604489874094724655e+00 0.000000000000000000e+00 0.000000000000000000e+00 0.000000000000000000e+00 0.000000000000000000e+00 9.194762229919433594e+00 5.619176197797060013e-03 0.000000000000000000e+00 0.000000000000000000e+00 -5.619176197797060013e-03 9.185494422912597656e+00
9.912155404716792573e-01 4.676660219207406044e+00 1.755928993225097656e-02 0.000000000000000000e+00 0.000000000000000000e+00 1.755928993225097656e-02 4.653200944885611534e+00 0.000000000000000000e+00 0.000000000000000000e+00 0.000000000000000000e+00 0.000000000000000000e+00 9.291933059692382812e+00 5.523465108126401901e-03 0.000000000000000000e+00 0.000000000000000000e+00 -5.523465108126401901e-03 9.282567977905273438e+00
9.914448613738103822e-01 4.727774517610669136e+00 1.775240898132324219e-02 0.000000000000000000e+00 0.000000000000000000e+00 1.775240898132324219e-02 4.704701049253344536e+00 0.000000000000000000e+00 0.000000000000000000e+00 0.000000000000000000e+00 0.000000000000000000e+00 9.395076751708984375e+00 5.432727281004190445e-03 0.000000000000000000e+00 0.000000000000000000e+00 -5.432727281004190445e-03 9.384661674499511719e+00
9.916711621687133160e-01 4.778145429678261280e+00 1.770257949829101562e-02 0.000000000000000000e+00 0.000000000000000000e+00 1.770257949829101562e-02 4.755428674630820751e+00 0.000000000000000000e+00 0.000000000000000000e+00 0.000000000000000000e+00 0.000000000000000000e+00 9.496254920959472656e+00 5.342361051589250565e-03 0.000000000000000000e+00 0.000000000000000000e+00 -5.342361051589250565e-03 9.485729217529296875e+00
9.918944421670377043e-01 4.827545806765556335e+00 1.764416694641113281e-02 0.000000000000000000e+00 0.000000000000000000e+00 1.764416694641113281e-02 4.805145099759101868e+00 0.000000000000000000e+00 0.000000000000000000e+00 0.000000000000000000e+00 0.000000000000000000e+00 9.594502449035644531e+00 5.251646507531404495e-03 0.000000000000000000e+00 0.000000000000000000e+00 -5.251646507531404495e-03 9.584835052490234375e+00
9.921147017317060168e-01 4.881395663134753704e+00 1.759672164916992188e-02 0.000000000000000000e+00 0.000000000000000000e+00 1.759672164916992188e-02 4.859389935620129108e+00 0.000000000000000000e+00 0.000000000000000000e+00 0.000000000000000000e+00 0.000000000000000000e+00 9.702659606933593750e+00 5.163672380149364471e-03 0.000000000000000000e+00 0.000000000000000000e+00 -5.163672380149364471e-03 9.692883491516113281e+00
9.923319380912203336e-01 4.934512311592698097e+00 1.778936386108398438e-02 0.000000000000000000e+00 0.000000000000000000e+00 1.778936386108398438e-02 4.912888353690505028e+00 0.000000000000000000e+00 0.000000000000000000e+00 0.000000000000000000e+00 0.000000000000000000e+00 9.809845924377441406e+00 5.076886620372533798e-03 0.000000000000000000e+00 0.000000000000000000e+00 -5.076886620372533798e-03 9.799962043762207031e+00
9.925461516413219831e-01 4.987886589020490646e+00 1.773214340209960938e-02 0.000000000000000000e+00 0.000000000000000000e+00 1.773214340209960938e-02 4.966627914458513260e+00 0.000000000000000000e+00 0.000000000000000000e+00 0.000000000000000000e+00 0.000000000000000000e+00 9.917051315307617188e+00 4.989994689822196960e-03 0.000000000000000000e+00 0.000000000000000000e+00 -4.989994689822196960e-03 9.907061576843261719e+00
9.927573417294807134e-01 5.042772827669978142e+00 1.767492294311523438e-02 0.000000000000000000e+00 0.000000000000000000e+00 1.767492294311523438e-02 5.021855773404240608e+00 0.000000000000000000e+00 0.000000000000000000e+00 0.000000000000000000e+00 0.000000000000000000e+00 1.002725887298583984e+01 4.905559588223695755e-03 0.000000000000000000e+00 0.000000000000000000e+00 -4.905559588223695755e-03 1.001614856719970703e+01
9.929655077123759055e-01 5.097632755525410175e+00 1.761221885681152344e-02 0.000000000000000000e+00 0.000000000000000000e+00 1.761221885681152344e-02 5.077120910398662090e+00 0.000000000000000000e+00 0.000000000000000000e+00 0.000000000000000000e+00 0.000000000000000000e+00 1.013646602630615234e+01 4.818088840693235397e-03 0.000000000000000000e+00 0.000000000000000000e+00 -4.818088840693235397e-03 1.012625598907470703e+01
9.931706499268772026e-01 5.152248858474195004e+00 1.780200004577636719e-02 0.000000000000000000e+00 0.000000000000000000e+00 1.780200004577636719e-02 5.132124901749193668e+00 0.000000000000000000e+00 0.000000000000000000e+00 0.000000000000000000e+00 0.000000000000000000e+00 1.024670600891113281e+01 4.732741974294185638e-03 0.000000000000000000e+00 0.000000000000000000e+00 -4.732741974294185638e-03 1.023638629913330078e+01
9.933727657917065246e-01 5.212101502344012260e+00 1.774787902832031250e-02 0.000000000000000000e+00 0.000000000000000000e+00 1.774787902832031250e-02 5.192380385473370552e+00 0.000000000000000000e+00 0.000000000000000000e+00 0.000000000000000000e+00 0.000000000000000000e+00 1.036689758300781250e+01 4.651010036468505859e-03 0.000000000000000000e+00 0.000000000000000000e+00 -4.651010036468505859e-03 1.035645771026611328e+01
9.935718556765874565e-01 5.271984467282891273e+00 1.768779754638671875e-02 0.000000000000000000e+00 0.000000000000000000e+00 1.768779754638671875e-02 5.252617469057440758e+00 0.000000000000000000e+00 0.000000000000000000e+00 0.000000000000000000e+00 0.000000000000000000e+00 1.048711395263671875e+01 4.570358432829380035e-03 0.000000000000000000e+00 0.000000000000000000e+00 -4.570358432829380035e-03 1.047655391693115234e+01
9.937679189750590059e-01 5.326612778939306736e+00 1.787209510803222656e-02 0.000000000000000000e+00 0.000000000000000000e+00 1.787209510803222656e-02 5.307620218954980373e+00 0.000000000000000000e+00 0.000000000000000000e+00 0.000000000000000000e+00 0.000000000000000000e+00 1.059742164611816406e+01 4.486725199967622757e-03 0.000000000000000000e+00 0.000000000000000000e+00 -4.486725199967622757e-03 1.058568477630615234e+01
9.939609550898794721e-01 5.391461911611258984e+00 1.782011985778808594e-02 0.000000000000000000e+00 0.000000000000000000e+00 1.782011985778808594e-02 5.372875151224434376e+00 0.000000000000000000e+00 0.000000000000000000e+00 0.000000000000000000e+00 0.000000000000000000e+00 1.072653770446777344e+01 4.409630782902240753e-03 0.000000000000000000e+00 0.000000000000000000e+00 -4.409630782902240753e-03 1.071573734283447266e+01
9.941509643318400258e-01 5.456326206214725971e+00 1.776123046875000000e-02 0.000000000000000000e+00 0.000000000000000000e+00 1.776123046875000000e-02 5.438127796165645123e+00 0.000000000000000000e+00 0.000000000000000000e+00 0.000000000000000000e+00 0.000000000000000000e+00 1.085674571990966797e+01 4.333735443651676178e-03 0.000000000000000000e+00 0.000000000000000000e+00 -4.333735443651676178e-03 1.084581565856933594e+01
9.943379443100786030e-01 5.521195666864514351e+00 1.769590377807617188e-02 0.000000000000000000e+00 0.000000000000000000e+00 1.769590377807617188e-02 5.503389103338122368e+00 0.000000000000000000e+00 0.000000000000000000e+00 0.000000000000000000e+00 0.000000000000000000e+00 1.098698043823242188e+01 4.259197041392326355e-03 0.000000000000000000e+00 0.000000000000000000e+00 -4.259197041392326355e-03 1.097592067718505859e+01
9.945218953682732899e-01 5.585812007077038288e+00 1.790404319763183594e-02 0.000000000000000000e+00 0.000000000000000000e+00 1.790404319763183594e-02 5.568355645053088665e+00 0.000000000000000000e+00 0.000000000000000000e+00 0.000000000000000000e+00 0.000000000000000000e+00 1.111724090576171875e+01 4.183931741863489151e-03 0.000000000000000000e+00 0.000000000000000000e+00 -4.183931741863489151e-03 1.110605144500732422e+01
9.947028169460785385e-01 5.655674835667014122e+00 1.784467697143554688e-02 0.000000000000000000e+00 0.000000000000000000e+00 1.784467697143554688e-02 5.638611892238259315e+00 0.000000000000000000e+00 0.000000000000000000e+00 0.000000000000000000e+00 0.000000000000000000e+00 1.125633144378662109e+01 4.111648071557283401e-03 0.000000000000000000e+00 0.000000000000000000e+00 -4.111648071557283401e-03 1.124500179290771484e+01
9.948807084923766419e-01 5.725548011250793934e+00 1.777839660644531250e-02 0.000000000000000000e+00 0.000000000000000000e+00 1.777839660644531250e-02 5.708870667032897472e+00 0.000000000000000000e+00 0.000000000000000000e+00 0.000000000000000000e+00 0.000000000000000000e+00 1.139656734466552734e+01 4.043166525661945343e-03 0.000000000000000000e+00 0.000000000000000000e+00 -4.043166525661945343e-03 1.138509750366210938e+01
9.950555702918568723e-01 5.800435926765203476e+00 1.772046089172363281e-02 0.000000000000000000e+00 0.000000000000000000e+00 1.772046089172363281e-02 5.784098241478204727e+00 0.000000000000000000e+00 0.000000000000000000e+00 0.000000000000000000e+00 0.000000000000000000e+00 1.154676914215087891e+01 3.977517131716012955e-03 0.000000000000000000e+00 0.000000000000000000e+00 -3.977517131716012955e-03 1.153514862060546875e+01
9.952274001442555917e-01 5.875018769875168800e+00 1.794910430908203125e-02 0.000000000000000000e+00 0.000000000000000000e+00 1.794910430908203125e-02 5.859058683738112450e+00 0.000000000000000000e+00 0.000000000000000000e+00 0.000000000000000000e+00 0.000000000000000000e+00 1.169700145721435547e+01 3.908808808773756027e-03 0.000000000000000000e+00 0.000000000000000000e+00 -3.908808808773756027e-03 1.168523216247558594e+01
9.953961983671788527e-01 5.954888533335179090e+00 1.789498329162597656e-02 0.000000000000000000e+00 0.000000000000000000e+00 1.789498329162597656e-02 5.939296056050807238e+00 0.000000000000000000e+00 0.000000000000000000e+00 0.000000000000000000e+00 0.000000000000000000e+00 1.185720157623291016e+01 3.843837883323431015e-03 0.000000000000000000e+00 0.000000000000000000e+00 -3.843837883323431015e-03 1.184527206420898438e+01
9.955619644464389628e-01 6.034783218987286091e+00 1.783275604248046875e-02 0.000000000000000000e+00 0.000000000000000000e+00 1.783275604248046875e-02 6.019525672309100628e+00 0.000000000000000000e+00 0.000000000000000000e+00 0.000000000000000000e+00 0.000000000000000000e+00 1.201622581481933594e+01 3.782952902838587761e-03 0.000000000000000000e+00 0.000000000000000000e+00 -3.782952902838587761e-03 1.200413608551025391e+01
9.957246978770849521e-01 6.124649377074092627e+00 1.779150962829589844e-02 0.000000000000000000e+00 0.000000000000000000e+00 1.779150962829589844e-02 6.109741358552128077e+00 0.000000000000000000e+00 0.000000000000000000e+00 0.000000000000000000e+00 0.000000000000000000e+00 1.219635391235351562e+01 3.726391121745109558e-03 0.000000000000000000e+00 0.000000000000000000e+00 -3.726391121745109558e-03 1.218408393859863281e+01
9.958843989176817679e-01 6.209232008084654808e+00 1.803803443908691406e-02 0.000000000000000000e+00 0.000000000000000000e+00 1.803803443908691406e-02 6.194664800539612770e+00 0.000000000000000000e+00 0.000000000000000000e+00 0.000000000000000000e+00 0.000000000000000000e+00 1.236657714843750000e+01 3.662328002974390984e-03 0.000000000000000000e+00 0.000000000000000000e+00 -3.662328002974390984e-03 1.235413646697998047e+01
9.960410655587319528e-01 6.304105953779071569e+00 1.799774169921875000e-02 0.000000000000000000e+00 0.000000000000000000e+00 1.799774169921875000e-02 6.289871974382549524e+00 0.000000000000000000e+00 0.000000000000000000e+00 0.000000000000000000e+00 0.000000000000000000e+00 1.255671977996826172e+01 3.605857258662581444e-03 0.000000000000000000e+00 0.000000000000000000e+00 -3.605857258662581444e-03 1.254408931732177734e+01
9.961946980917455452e-01 6.398992941714823246e+00 1.794791221618652344e-02 0.000000000000000000e+00 0.000000000000000000e+00 1.794791221618652344e-02 6.385083272121846676e+00 0.000000000000000000e+00 0.000000000000000000e+00 0.000000000000000000e+00 0.000000000000000000e+00 1.274561595916748047e+01 3.549850312992930412e-03 0.000000000000000000e+00 0.000000000000000000e+00 -3.549850312992930412e-03 1.273407840728759766e+01
9.962703767801843746e-01 6.448778231162577868e+00 1.808786392211914062e-02 0.000000000000000000e+00 0.000000000000000000e+00 1.808786392211914062e-02 6.435018460731953382e+00 0.000000000000000000e+00 0.000000000000000000e+00 0.000000000000000000e+00 0.000000000000000000e+00 1.284632873535156250e+01 3.523276653140783310e-03 0.000000000000000000e+00 0.000000000000000000e+00 -3.523276653140783310e-03 1.283340930938720703e+01
9.963452960487320098e-01 6.498880214057862759e+00 1.790261268615722656e-02 0.000000000000000000e+00 0.000000000000000000e+00 1.790261268615722656e-02 6.485287361778318882e+00 0.000000000000000000e+00 0.000000000000000000e+00 0.000000000000000000e+00 0.000000000000000000e+00 1.294575881958007812e+01 3.493258729577064514e-03 0.000000000000000000e+00 0.000000000000000000e+00 -3.493258729577064514e-03 1.293273925781250000e+01
9.964194572693134688e-01 6.548676241189241409e+00 1.803994178771972656e-02 0.000000000000000000e+00 0.000000000000000000e+00 1.803994178771972656e-02 6.535215150564908981e+00 0.000000000000000000e+00 0.000000000000000000e+00 0.000000000000000000e+00 0.000000000000000000e+00 1.304650020599365234e+01 3.462360473349690437e-03 0.000000000000000000e+00 0.000000000000000000e+00 -3.462360473349690437e-03 1.303337955474853516e+01
9.964928589709448614e-01 6.603435573633760214e+00 1.819133758544921875e-02 0.000000000000000000e+00 0.000000000000000000e+00 1.819133758544921875e-02 6.590152683202177286e+00 0.000000000000000000e+00 0.000000000000000000e+00 0.000000000000000000e+00 0.000000000000000000e+00 1.315588378906250000e+01 3.435823367908596992e-03 0.000000000000000000e+00 0.000000000000000000e+00 -3.435823367908596992e-03 1.314265251159667969e+01
9.965655024977614351e-01 6.658552096225321293e+00 1.800894737243652344e-02 0.000000000000000000e+00 0.000000000000000000e+00 1.800894737243652344e-02 6.645401551388204098e+00 0.000000000000000000e+00 0.000000000000000000e+00 0.000000000000000000e+00 0.000000000000000000e+00 1.326526832580566406e+01 3.411030629649758339e-03 0.000000000000000000e+00 0.000000000000000000e+00 -3.411030629649758339e-03 1.325326156616210938e+01
9.966373870908058485e-01 6.713319073431193829e+00 1.815748214721679688e-02 0.000000000000000000e+00 0.000000000000000000e+00 1.815748214721679688e-02 6.700337161310017109e+00 0.000000000000000000e+00 0.000000000000000000e+00 0.000000000000000000e+00 0.000000000000000000e+00 1.337599563598632812e+01 3.385357791557908058e-03 0.000000000000000000e+00 0.000000000000000000e+00 -3.385357791557908058e-03 1.336254596710205078e+01
9.967085120206499171e-01 6.773087685462087393e+00 1.831936836242675781e-02 0.000000000000000000e+00 0.000000000000000000e+00 1.831936836242675781e-02 6.760243708733469248e+00 0.000000000000000000e+00 0.000000000000000000e+00 0.000000000000000000e+00 0.000000000000000000e+00 1.349533462524414062e+01 3.359924536198377609e-03 0.000000000000000000e+00 0.000000000000000000e+00 -3.359924536198377609e-03 1.348176479339599609e+01
9.967788785897363502e-01 6.828204814344644547e+00 1.812601089477539062e-02 0.000000000000000000e+00 0.000000000000000000e+00 1.812601089477539062e-02 6.815513905137777328e+00 0.000000000000000000e+00 0.000000000000000000e+00 0.000000000000000000e+00 0.000000000000000000e+00 1.360609912872314453e+01 3.332440974190831184e-03 0.000000000000000000e+00 0.000000000000000000e+00 -3.332440974190831184e-03 1.359241867065429688e+01
9.968484854023479391e-01 6.887967082206159830e+00 1.828479766845703125e-02 0.000000000000000000e+00 0.000000000000000000e+00 1.828479766845703125e-02 6.875433949287980795e+00 0.000000000000000000e+00 0.000000000000000000e+00 0.000000000000000000e+00 0.000000000000000000e+00 1.372545051574707031e+01 3.307853126898407936e-03 0.000000000000000000e+00 0.000000000000000000e+00 -3.307853126898407936e-03 1.371165084838867188e+01
9.969173337331279638e-01 6.948081585112959146e+00 1.809597015380859375e-02 0.000000000000000000e+00 0.000000000000000000e+00 1.809597015380859375e-02 6.935696986969560385e+00 0.000000000000000000e+00 0.000000000000000000e+00 0.000000000000000000e+00 0.000000000000000000e+00 1.384480285644531250e+01 3.278153017163276672e-03 0.000000000000000000e+00 0.000000000000000000e+00 -3.278153017163276672e-03 1.383227539062500000e+01
9.969854228621990444e-01 7.007849802728742361e+00 1.825213432312011719e-02 0.000000000000000000e+00 0.000000000000000000e+00 1.825213432312011719e-02 6.995615372899919748e+00 0.000000000000000000e+00 0.000000000000000000e+00 0.000000000000000000e+00 0.000000000000000000e+00 1.396555805206298828e+01 3.253060858696699142e-03 0.000000000000000000e+00 0.000000000000000000e+00 -3.253060858696699142e-03 1.395151805877685547e+01
9.970527520992232828e-01 7.072607806418091059e+00 1.842117309570312500e-02 0.000000000000000000e+00 0.000000000000000000e+00 1.842117309570312500e-02 7.060519406106323004e+00 0.000000000000000000e+00 0.000000000000000000e+00 0.000000000000000000e+00 0.000000000000000000e+00 1.409486865997314453e+01 3.226502100005745888e-03 0.000000000000000000e+00 0.000000000000000000e+00 -3.226502100005745888e-03 1.408211517333984375e+01
9.971193226771366547e-01 7.132731789723038673e+00 1.821970939636230469e-02 0.000000000000000000e+00 0.000000000000000000e+00 1.821970939636230469e-02 7.120798235759139061e+00 0.000000000000000000e+00 0.000000000000000000e+00 0.000000000000000000e+00 0.000000000000000000e+00 1.421566104888916016e+01 3.199524246156215668e-03 0.000000000000000000e+00 0.000000000000000000e+00 -3.199524246156215668e-03 1.420137119293212891e+01
9.971851332755151676e-01 7.197495694737881422e+00 1.838541030883789062e-02 0.000000000000000000e+00 0.000000000000000000e+00 1.838541030883789062e-02 7.185703043360263109e+00 0.000000000000000000e+00 0.000000000000000000e+00 0.000000000000000000e+00 0.000000000000000000e+00 1.434498500823974609e+01 3.176719415932893753e-03 0.000000000000000000e+00 0.000000000000000000e+00 -3.176719415932893753e-03 1.433200740814208984e+01
9.972501850994857087e-01 7.262614641804248095e+00 1.818752288818359375e-02 0.000000000000000000e+00 0.000000000000000000e+00 1.818752288818359375e-02 7.250979031901806593e+00 0.000000000000000000e+00 0.000000000000000000e+00 0.000000000000000000e+00 0.000000000000000000e+00 1.447430801391601562e+01 3.151523182168602943e-03 0.000000000000000000e+00 0.000000000000000000e+00 -3.151523182168602943e-03 1.446121406555175781e+01
9.973144774682645153e-01 7.332364575471729040e+00 1.836252212524414062e-02 0.000000000000000000e+00 0.000000000000000000e+00 1.836252212524414062e-02 7.320878489408642054e+00 0.000000000000000000e+00 0.000000000000000000e+00 0.000000000000000000e+00 0.000000000000000000e+00 1.461504936218261719e+01 3.128963289782404900e-03 0.000000000000000000e+00 0.000000000000000000e+00 -3.128963289782404900e-03 1.460035896301269531e+01
9.973780097306172987e-01 7.402109528426080942e+00 1.853752136230468750e-02 0.000000000000000000e+00 0.000000000000000000e+00 1.853752136230468750e-02 7.390783881302922964e+00 0.000000000000000000e+00 0.000000000000000000e+00 0.000000000000000000e+00 0.000000000000000000e+00 1.475433540344238281e+01 3.103912342339754105e-03 0.000000000000000000e+00 0.000000000000000000e+00 -3.103912342339754105e-03 1.474098873138427734e+01
9.974407830499497640e-01 7.472225024364888668e+00 1.833820343017578125e-02 0.000000000000000000e+00 0.000000000000000000e+00 1.833820343017578125e-02 7.461066410876810551e+00 0.000000000000000000e+00 0.000000000000000000e+00 0.000000000000000000e+00 0.000000000000000000e+00 1.489511775970458984e+01 3.076328197494149208e-03 0.000000000000000000e+00 0.000000000000000000e+00 -3.076328197494149208e-03 1.488014793395996094e+01
9.975027961811563371e-01 7.537003284320235252e+00 1.849746704101562500e-02 0.000000000000000000e+00 0.000000000000000000e+00 1.849746704101562500e-02 7.525969738140702248e+00 0.000000000000000000e+00 0.000000000000000000e+00 0.000000000000000000e+00 0.000000000000000000e+00 1.502446842193603516e+01 3.050193423405289650e-03 0.000000000000000000e+00 0.000000000000000000e+00 -3.050193423405289650e-03 1.501087760925292969e+01
9.975640502598241977e-01 7.617099132388830185e+00 1.831197738647460938e-02 0.000000000000000000e+00 0.000000000000000000e+00 1.831197738647460938e-02 7.606244716793298721e+00 0.000000000000000000e+00 0.000000000000000000e+00 0.000000000000000000e+00 0.000000000000000000e+00 1.518519401550292969e+01 3.026051446795463562e-03 0.000000000000000000e+00 0.000000000000000000e+00 -3.026051446795463562e-03 1.516993331909179688e+01
9.976245443576294836e-01 7.691830804105848074e+00 1.849198341369628906e-02 0.000000000000000000e+00 0.000000000000000000e+00 1.849198341369628906e-02 7.681151697877794504e+00 0.000000000000000000e+00 0.000000000000000000e+00 0.000000000000000000e+00 0.000000000000000000e+00 1.533445835113525391e+01 3.000320401042699814e-03 0.000000000000000000e+00 0.000000000000000000e+00 -3.000320401042699814e-03 1.532058811187744141e+01
9.976842787223955122e-01 7.761602551210671663e+00 1.866006851196289062e-02 0.000000000000000000e+00 0.000000000000000000e+00 1.866006851196289062e-02 7.751044123899191618e+00 0.000000000000000000e+00 0.000000000000000000e+00 0.000000000000000000e+00 0.000000000000000000e+00 1.547377204895019531e+01 2.971598645672202110e-03 0.000000000000000000e+00 0.000000000000000000e+00 -2.971598645672202110e-03 1.545977687835693359e+01
9.977432535880335074e-01 7.836732504889369011e+00 1.844739913940429688e-02 0.000000000000000000e+00 0.000000000000000000e+00 1.844739913940429688e-02 7.826339127495884895e+00 0.000000000000000000e+00 0.000000000000000000e+00 0.000000000000000000e+00 0.000000000000000000e+00 1.562460613250732422e+01 2.948453649878501892e-03 0.000000000000000000e+00 0.000000000000000000e+00 -2.948453649878501892e-03 1.561047649383544922e+01
9.978014683472056223e-01 7.921440950594842434e+00 1.864719390869140625e-02 0.000000000000000000e+00 0.000000000000000000e+00 1.864719390869140625e-02 7.911230214871466160e+00 0.000000000000000000e+00 0.000000000000000000e+00 0.000000000000000000e+00 0.000000000000000000e+00 1.579378890991210938e+01 2.926421817392110825e-03 0.000000000000000000e+00 0.000000000000000000e+00 -2.926421817392110825e-03 1.577950668334960938e+01
9.978589232386034791e-01 8.001578054856508970e+00 1.843452453613281250e-02 0.000000000000000000e+00 0.000000000000000000e+00 1.843452453613281250e-02 7.991519250441342592e+00 0.000000000000000000e+00 0.000000000000000000e+00 0.000000000000000000e+00 0.000000000000000000e+00 1.595462512969970703e+01 2.903026761487126350e-03 0.000000000000000000e+00 0.000000000000000000e+00 -2.903026761487126350e-03 1.593859577178955078e+01
9.979156182184727442e-01 8.086299037095159292e+00 1.863002777099609375e-02 0.000000000000000000e+00 0.000000000000000000e+00 1.863002777099609375e-02 8.076407338026911020e+00 0.000000000000000000e+00 0.000000000000000000e+00 0.000000000000000000e+00 0.000000000000000000e+00 1.612382698059082031e+01 2.880353946238756180e-03 0.000000000000000000e+00 0.000000000000000000e+00 -2.880353946238756180e-03 1.610924720764160156e+01
9.979715532436377323e-01 8.166036960203200579e+00 1.881408691406250000e-02 0.000000000000000000e+00 0.000000000000000000e+00 1.881408691406250000e-02 8.156301144044846296e+00 0.000000000000000000e+00 0.000000000000000000e+00 0.000000000000000000e+00 0.000000000000000000e+00 1.628470993041992188e+01 2.856450155377388000e-03 0.000000000000000000e+00 0.000000000000000000e+00 -2.856450155377388000e-03 1.626835060119628906e+01
9.980267285327848459e-01 8.246185692492872477e+00 1.858472824096679688e-02 0.000000000000000000e+00 0.000000000000000000e+00 1.858472824096679688e-02 8.236609069164842367e+00 0.000000000000000000e+00 0.000000000000000000e+00 0.000000000000000000e+00 0.000000000000000000e+00 1.644397163391113281e+01 2.833173843100667000e-03 0.000000000000000000e+00 0.000000000000000000e+00 -2.833173843100667000e-03 1.642910385131835938e+01
9.980811435177052715e-01 8.340881435666233301e+00 1.879882812500000000e-02 0.000000000000000000e+00 0.000000000000000000e+00 1.879882812500000000e-02 8.331483752932399511e+00 0.000000000000000000e+00 0.000000000000000000e+00 0.000000000000000000e+00 0.000000000000000000e+00 1.663309669494628906e+01 2.815628889948129654e-03 0.000000000000000000e+00 0.000000000000000000e+00 -2.815628889948129654e-03 1.661805725097656250e+01
9.981347984218669200e-01 8.436004561372101307e+00 1.858997344970703125e-02 0.000000000000000000e+00 0.000000000000000000e+00 1.858997344970703125e-02 8.426778870634734631e+00 0.000000000000000000e+00 0.000000000000000000e+00 0.000000000000000000e+00 0.000000000000000000e+00 1.682391357421875000e+01 2.798633882775902748e-03 0.000000000000000000e+00 0.000000000000000000e+00 -2.798633882775902748e-03 1.680870437622070312e+01
9.981876932044094763e-01 8.525726149789988995e+00 1.878786087036132812e-02 0.000000000000000000e+00 0.000000000000000000e+00 1.878786087036132812e-02 8.516661812551319599e+00 0.000000000000000000e+00 0.000000000000000000e+00 0.000000000000000000e+00 0.000000000000000000e+00 1.700310516357421875e+01 2.777202054858207703e-03 0.000000000000000000e+00 0.000000000000000000e+00 -2.777202054858207703e-03 1.698773193359375000e+01
9.982398278250512735e-01 8.615871747955679893e+00 1.855468750000000000e-02 0.000000000000000000e+00 0.000000000000000000e+00 1.855468750000000000e-02 8.606982866302132607e+00 0.000000000000000000e+00 0.000000000000000000e+00 0.000000000000000000e+00 0.000000000000000000e+00 1.718401908874511719e+01 2.752964384853839874e-03 0.000000000000000000e+00 0.000000000000000000e+00 -2.752964384853839874e-03 1.716848564147949219e+01
9.982912024872495627e-01 8.710586769971996546e+00 1.875877380371093750e-02 0.000000000000000000e+00 0.000000000000000000e+00 1.875877380371093750e-02 8.701858298387378454e+00 0.000000000000000000e+00 0.000000000000000000e+00 0.000000000000000000e+00 0.000000000000000000e+00 1.737318229675292969e+01 2.734409179538488388e-03 0.000000000000000000e+00 0.000000000000000000e+00 -2.734409179538488388e-03 1.735747718811035156e+01
9.983418166619353329e-01 8.815716209355741739e+00 1.854276657104492188e-02 0.000000000000000000e+00 0.000000000000000000e+00 1.854276657104492188e-02 8.807159957941621542e+00 0.000000000000000000e+00 0.000000000000000000e+00 0.000000000000000000e+00 0.000000000000000000e+00 1.758402442932128906e+01 2.726698061451315880e-03 0.000000000000000000e+00 0.000000000000000000e+00 -2.726698061451315880e-03 1.756812858581542969e+01
9.983916705573487871e-01 8.920400268863886595e+00 1.876354217529296875e-02 0.000000000000000000e+00 0.000000000000000000e+00 1.876354217529296875e-02 8.912035339046269655e+00 0.000000000000000000e+00 0.000000000000000000e+00 0.000000000000000000e+00 0.000000000000000000e+00 1.779312133789062500e+01 2.707299310714006424e-03 0.000000000000000000e+00 0.000000000000000000e+00 -2.707299310714006424e-03 1.777703857421875000e+01
9.984407641355241836e-01 9.020124664064496756e+00 1.897335052490234375e-02 0.000000000000000000e+00 0.000000000000000000e+00 1.897335052490234375e-02 9.011890182737261057e+00 0.000000000000000000e+00 0.000000000000000000e+00 0.000000000000000000e+00 0.000000000000000000e+00 1.799406814575195312e+01 2.694231225177645683e-03 0.000000000000000000e+00 0.000000000000000000e+00 -2.694231225177645683e-03 1.797780418395996094e+01
9.984890973590746510e-01 9.140228161588311195e+00 1.876783370971679688e-02 0.000000000000000000e+00 0.000000000000000000e+00 1.876783370971679688e-02 9.132195582613348961e+00 0.000000000000000000e+00 0.000000000000000000e+00 0.000000000000000000e+00 0.000000000000000000e+00 1.823305702209472656e+01 2.664099214598536491e-03 0.000000000000000000e+00 0.000000000000000000e+00 -2.664099214598536491e-03 1.821657752990722656e+01
9.985366704162246254e-01 9.249922702088952065e+00 1.899337768554687500e-02 0.000000000000000000e+00 0.000000000000000000e+00 1.899337768554687500e-02 9.242051174864172935e+00 0.000000000000000000e+00 0.000000000000000000e+00 0.000000000000000000e+00 0.000000000000000000e+00 1.845398712158203125e+01 2.659049350768327713e-03 0.000000000000000000e+00 0.000000000000000000e+00 -2.659049350768327713e-03 1.843731117248535156e+01
9.985834828170548905e-01 9.365065674763172865e+00 1.876020431518554688e-02 0.000000000000000000e+00 0.000000000000000000e+00 1.876020431518554688e-02 9.357374091167002916e+00 0.000000000000000000e+00 0.000000000000000000e+00 0.000000000000000000e+00 0.000000000000000000e+00 1.868304443359375000e+01 2.652658382430672646e-03 0.000000000000000000e+00 0.000000000000000000e+00 -2.652658382430672646e-03 1.866616058349609375e+01
9.986295347545738332e-01 9.494716563494876027e+00 1.902008056640625000e-02 0.000000000000000000e+00 0.000000000000000000e+00 1.902008056640625000e-02 9.487203678814694285e+00 0.000000000000000000e+00 0.000000000000000000e+00 0.000000000000000000e+00 0.000000000000000000e+00 1.894388008117675781e+01 2.634264761582016945e-03 0.000000000000000000e+00 0.000000000000000000e+00 -2.634264761582016945e-03 1.892676353454589844e+01
9.986748261937111737e-01 9.624850464053452015e+00 1.879787445068359375e-02 0.000000000000000000e+00 0.000000000000000000e+00 1.879787445068359375e-02 9.617512512020766735e+00 0.000000000000000000e+00 0.000000000000000000e+00 0.000000000000000000e+00 0.000000000000000000e+00 1.920283889770507812e+01 2.625930355861783028e-03 0.000000000000000000e+00 0.000000000000000000e+00 -2.625930355861783028e-03 1.918741416931152344e+01
9.987193570999755021e-01 9.764486144063994288e+00 1.907110214233398438e-02 0.000000000000000000e+00 0.000000000000000000e+00 1.907110214233398438e-02 9.757329155923798680e+00 0.000000000000000000e+00 0.000000000000000000e+00 0.000000000000000000e+00 0.000000000000000000e+00 1.948367309570312500e+01 2.621034393087029457e-03 0.000000000000000000e+00 0.000000000000000000e+00 -2.621034393087029457e-03 1.946607017517089844e+01
9.987631276463546648e-01 9.894665067084133625e+00 1.882886886596679688e-02 0.000000000000000000e+00 0.000000000000000000e+00 1.882886886596679688e-02 9.887634928338229656e+00 0.000000000000000000e+00 0.000000000000000000e+00 0.000000000000000000e+00 0.000000000000000000e+00 1.974266052246093750e+01 2.602360444143414497e-03 0.000000000000000000e+00 0.000000000000000000e+00 -2.602360444143414497e-03 1.972680473327636719e+01
9.988061373820886768e-01 1.006922358507290483e+01 1.916122436523437500e-02 0.000000000000000000e+00 0.000000000000000000e+00 1.916122436523437500e-02 1.006241017347201705e+01 0.000000000000000000e+00 0.000000000000000000e+00 0.000000000000000000e+00 0.000000000000000000e+00 2.009331130981445312e+01 2.573686419054865837e-03 0.000000000000000000e+00 0.000000000000000000e+00 -2.573686419054865837e-03 2.007515716552734375e+01
9.988483864849506677e-01 1.020940179494209588e+01 1.891613006591796875e-02 0.000000000000000000e+00 0.000000000000000000e+00 1.891613006591796875e-02 1.020272283884696662e+01 0.000000000000000000e+00 0.000000000000000000e+00 0.000000000000000000e+00 0.000000000000000000e+00 2.037224769592285156e+01 2.576694590970873833e-03 0.000000000000000000e+00 0.000000000000000000e+00 -2.576694590970873833e-03 2.035588645935058594e+01
9.988898749227661522e-01 1.036901654652319849e+01 1.921224594116210938e-02 0.000000000000000000e+00 0.000000000000000000e+00 1.921224594116210938e-02 1.036251555033959448e+01 0.000000000000000000e+00 0.000000000000000000e+00 0.000000000000000000e+00 0.000000000000000000e+00 2.069310760498046875e+01 2.592090750113129616e-03 0.000000000000000000e+00 0.000000000000000000e+00 -2.592090750113129616e-03 2.067441558837890625e+01
9.989306026639400704e-01 1.054913261183537543e+01 1.901674270629882812e-02 0.000000000000000000e+00 0.000000000000000000e+00 1.901674270629882812e-02 1.054278728715144098e+01 0.000000000000000000e+00 0.000000000000000000e+00 0.000000000000000000e+00 0.000000000000000000e+00 2.105177307128906250e+01 2.579967258498072624e-03 0.000000000000000000e+00 0.000000000000000000e+00 -2.579967258498072624e-03 2.103486824035644531e+01
9.989705698662202371e-01 1.075422539561986923e+01 1.884746551513671875e-02 0.000000000000000000e+00 0.000000000000000000e+00 1.884746551513671875e-02 1.074803481251001358e+01 0.000000000000000000e+00 0.000000000000000000e+00 0.000000000000000000e+00 0.000000000000000000e+00 2.146241188049316406e+01 2.571870572865009308e-03 0.000000000000000000e+00 0.000000000000000000e+00 -2.571870572865009308e-03 2.144517898559570312e+01
9.990097761180147806e-01 1.095380118978209794e+01 1.919746398925781250e-02 0.000000000000000000e+00 0.000000000000000000e+00 1.919746398925781250e-02 1.094775673258118331e+01 0.000000000000000000e+00 0.000000000000000000e+00 0.000000000000000000e+00 0.000000000000000000e+00 2.186096954345703125e+01 2.556004561483860016e-03 0.000000000000000000e+00 0.000000000000000000e+00 -2.556004561483860016e-03 2.184341621398925781e+01
9.990482215818577982e-01 1.117389016551896930e+01 1.902294158935546875e-02 0.000000000000000000e+00 0.000000000000000000e+00 1.902294158935546875e-02 1.116801542835310102e+01 0.000000000000000000e+00 0.000000000000000000e+00 0.000000000000000000e+00 0.000000000000000000e+00 2.230162239074707031e+01 2.558028325438499451e-03 0.000000000000000000e+00 0.000000000000000000e+00 -2.558028325438499451e-03 2.228371810913085938e+01
9.990859062284714875e-01 1.140343345631845295e+01 1.941394805908203125e-02 0.000000000000000000e+00 0.000000000000000000e+00 1.941394805908203125e-02 1.139768920908682048e+01 0.000000000000000000e+00 0.000000000000000000e+00 0.000000000000000000e+00 0.000000000000000000e+00 2.276229476928710938e+01 2.555790590122342110e-03 0.000000000000000000e+00 0.000000000000000000e+00 -2.555790590122342110e-03 2.274402236938476562e+01
9.991228300291573605e-01 1.162859007343649864e+01 1.921415328979492188e-02 0.000000000000000000e+00 0.000000000000000000e+00 1.921415328979492188e-02 1.162293294444680214e+01 0.000000000000000000e+00 0.000000000000000000e+00 0.000000000000000000e+00 0.000000000000000000e+00 2.321076393127441406e+01 2.538604661822319031e-03 0.000000000000000000e+00 0.000000000000000000e+00 -2.538604661822319031e-03 2.319213485717773438e+01
9.991589931264207580e-01 1.192362199118360877e+01 1.910400390625000000e-02 0.000000000000000000e+00 0.000000000000000000e+00 1.910400390625000000e-02 1.191811766335740685e+01 0.000000000000000000e+00 0.000000000000000000e+00 0.000000000000000000e+00 0.000000000000000000e+00 2.380114364624023438e+01 2.545602386817336082e-03 0.000000000000000000e+00 0.000000000000000000e+00 -2.545602386817336082e-03 2.378203964233398438e+01
9.991943951478451380e-01 1.224303129920735955e+01 1.961612701416015625e-02 0.000000000000000000e+00 0.000000000000000000e+00 1.961612701416015625e-02 1.223768349876627326e+01 0.000000000000000000e+00 0.000000000000000000e+00 0.000000000000000000e+00 0.000000000000000000e+00 2.444148254394531250e+01 2.577046398073434830e-03 0.000000000000000000e+00 0.000000000000000000e+00 -2.577046398073434830e-03 2.442186737060546875e+01
9.992290362407229010e-01 1.255312331183813512e+01 1.948308944702148438e-02 0.000000000000000000e+00 0.000000000000000000e+00 1.948308944702148438e-02 1.254785649315454066e+01 0.000000000000000000e+00 0.000000000000000000e+00 0.000000000000000000e+00 0.000000000000000000e+00 2.505949783325195312e+01 2.546676434576511383e-03 0.000000000000000000e+00 0.000000000000000000e+00 -2.546676434576511383e-03 2.504190063476562500e+01
9.992629163786733715e-01 1.287322443444281816e+01 1.933526992797851562e-02 0.000000000000000000e+00 0.000000000000000000e+00 1.933526992797851562e-02 1.286805039923638105e+01 0.000000000000000000e+00 0.000000000000000000e+00 0.000000000000000000e+00 0.000000000000000000e+00 2.570002746582031250e+01 2.549121156334877014e-03 0.000000000000000000e+00 0.000000000000000000e+00 -2.549121156334877014e-03 2.567940330505371094e+01
9.992960355358954105e-01 1.326257444499060512e+01 1.991987228393554688e-02 0.000000000000000000e+00 0.000000000000000000e+00 1.991987228393554688e-02 1.325752805592492223e+01 0.000000000000000000e+00 0.000000000000000000e+00 0.000000000000000000e+00 0.000000000000000000e+00 2.648026275634765625e+01 2.544973744079470634e-03 0.000000000000000000e+00 0.000000000000000000e+00 -2.544973744079470634e-03 2.645901489257812500e+01
9.993283938396487764e-01 1.369756054179742932e+01 1.988697052001953125e-02 0.000000000000000000e+00 0.000000000000000000e+00 1.988697052001953125e-02 1.369260669453069568e+01 0.000000000000000000e+00 0.000000000000000000e+00 0.000000000000000000e+00 0.000000000000000000e+00 2.734765052795410156e+01 2.543852897360920906e-03 0.000000000000000000e+00 0.000000000000000000e+00 -2.543852897360920906e-03 2.732844924926757812e+01
9.993599909566996953e-01 1.414757228223606944e+01 1.983070373535156250e-02 0.000000000000000000e+00 0.000000000000000000e+00 1.983070373535156250e-02 1.414270519884303212e+01 0.000000000000000000e+00 0.000000000000000000e+00 0.000000000000000000e+00 0.000000000000000000e+00 2.824778175354003906e+01 2.578874351456761360e-03 0.000000000000000000e+00 0.000000000000000000e+00 -2.578874351456761360e-03 2.822795104980468750e+01
9.993908270190957621e-01 1.463258904893882573e+01 1.977729797363281250e-02 0.000000000000000000e+00 0.000000000000000000e+00 1.977729797363281250e-02 1.462779264966957271e+01 0.000000000000000000e+00 0.000000000000000000e+00 0.000000000000000000e+00 0.000000000000000000e+00 2.921789741516113281e+01 2.581324428319931030e-03 0.000000000000000000e+00 0.000000000000000000e+00 -2.581324428319931030e-03 2.919738769531250000e+01
9.993969029029396989e-01 1.472745005739852786e+01 1.990556716918945312e-02 0.000000000000000000e+00 0.000000000000000000e+00 1.990556716918945312e-02 1.472267563687637448e+01 0.000000000000000000e+00 0.000000000000000000e+00 0.000000000000000000e+00 0.000000000000000000e+00 2.940736579895019531e+01 2.575061284005641937e-03 0.000000000000000000e+00 0.000000000000000000e+00 -2.575061284005641937e-03 2.938672256469726562e+01
9.994029483434710981e-01 1.482231072383001447e+01 2.003383636474609375e-02 0.000000000000000000e+00 0.000000000000000000e+00 2.003383636474609375e-02 1.481755896611139178e+01 0.000000000000000000e+00 0.000000000000000000e+00 0.000000000000000000e+00 0.000000000000000000e+00 2.959683418273925781e+01 2.571173012256622314e-03 0.000000000000000000e+00 0.000000000000000000e+00 -2.571173012256622314e-03 2.957605743408203125e+01
9.994089633405059958e-01 1.491718353610485792e+01 2.016210556030273438e-02 0.000000000000000000e+00 0.000000000000000000e+00 2.016210556030273438e-02 1.491242824215441942e+01 0.000000000000000000e+00 0.000000000000000000e+00 0.000000000000000000e+00 0.000000000000000000e+00 2.978630065917968750e+01 2.576879458501935005e-03 0.000000000000000000e+00 0.000000000000000000e+00 -2.576879458501935005e-03 2.976539230346679688e+01
9.994149478938610942e-01 1.503202557307668030e+01 2.031707763671875000e-02 0.000000000000000000e+00 0.000000000000000000e+00 2.031707763671875000e-02 1.502727580326609313e+01 0.000000000000000000e+00 0.000000000000000000e+00 0.000000000000000000e+00 0.000000000000000000e+00 3.001565551757812500e+01 2.567825373262166977e-03 0.000000000000000000e+00 0.000000000000000000e+00 -2.567825373262166977e-03 2.999458694458007812e+01
9.994209020033539836e-01 1.517181218042969704e+01 2.050638198852539062e-02 0.000000000000000000e+00 0.000000000000000000e+00 2.050638198852539062e-02 1.516710936650633812e+01 0.000000000000000000e+00 0.000000000000000000e+00 0.000000000000000000e+00 0.000000000000000000e+00 3.029790878295898438e+01 2.557079074904322624e-03 0.000000000000000000e+00 0.000000000000000000e+00 -2.557079074904322624e-03 3.027664184570312500e+01
9.994268256688034757e-01 1.533733569039031863e+01 1.996135711669921875e-02 0.000000000000000000e+00 0.000000000000000000e+00 1.996135711669921875e-02 1.533267392264679074e+01 0.000000000000000000e+00 0.000000000000000000e+00 0.000000000000000000e+00 0.000000000000000000e+00 3.062701606750488281e+01 2.563972258940339088e-03 0.000000000000000000e+00 0.000000000000000000e+00 -2.563972258940339088e-03 3.060551834106445312e+01
9.994327189601002193e-01 1.548714229930192232e+01 2.015638351440429688e-02 0.000000000000000000e+00 0.000000000000000000e+00 2.015638351440429688e-02 1.548247840534895658e+01 0.000000000000000000e+00 0.000000000000000000e+00 0.000000000000000000e+00 0.000000000000000000e+00 3.092620849609375000e+01 2.578165847808122635e-03 0.000000000000000000e+00 0.000000000000000000e+00 -2.578165847808122635e-03 3.090449905395507812e+01
9.994385817365593061e-01 1.561695985496044159e+01 2.032566070556640625e-02 0.000000000000000000e+00 0.000000000000000000e+00 2.032566070556640625e-02 1.561232252418994904e+01 0.000000000000000000e+00 0.000000000000000000e+00 0.000000000000000000e+00 0.000000000000000000e+00 3.118550491333007812e+01 2.580394735559821129e-03 0.000000000000000000e+00 0.000000000000000000e+00 -2.580394735559821129e-03 3.116361427307128906e+01
9.994444140684363154e-01 1.570683608716353774e+01 2.044248580932617188e-02 0.000000000000000000e+00 0.000000000000000000e+00 2.044248580932617188e-02 1.570221294695511460e+01 0.000000000000000000e+00 0.000000000000000000e+00 0.000000000000000000e+00 0.000000000000000000e+00 3.136502075195312500e+01 2.571975579485297203e-03 0.000000000000000000e+00 0.000000000000000000e+00 -2.571975579485297203e-03 3.134614944458007812e+01
9.994502159555536114e-01 1.578176243603229523e+01 2.054023742675781250e-02 0.000000000000000000e+00 0.000000000000000000e+00 2.054023742675781250e-02 1.577708880603313446e+01 0.000000000000000000e+00 0.000000000000000000e+00 0.000000000000000000e+00 0.000000000000000000e+00 3.151461219787597656e+01 2.574446611106395721e-03 0.000000000000000000e+00 0.000000000000000000e+00 -2.574446611106395721e-03 3.149565124511718750e+01
9.994559873977345577e-01 1.591658006585203111e+01 2.071571350097656250e-02 0.000000000000000000e+00 0.000000000000000000e+00 2.071571350097656250e-02 1.591192068182863295e+01 0.000000000000000000e+00 0.000000000000000000e+00 0.000000000000000000e+00 0.000000000000000000e+00 3.178706932067871094e+01 2.581464359536767006e-03 0.000000000000000000e+00 0.000000000000000000e+00 -2.581464359536767006e-03 3.176476097106933594e+01
9.994617283948030728e-01 1.607715267618186772e+01 2.011871337890625000e-02 0.000000000000000000e+00 0.000000000000000000e+00 2.011871337890625000e-02 1.607253985921852291e+01 0.000000000000000000e+00 0.000000000000000000e+00 0.000000000000000000e+00 0.000000000000000000e+00 3.210623550415039062e+01 2.579378895461559296e-03 0.000000000000000000e+00 0.000000000000000000e+00 -2.579378895461559296e-03 3.208370208740234375e+01
9.994674389465846298e-01 1.619201195379719138e+01 2.026271820068359375e-02 0.000000000000000000e+00 0.000000000000000000e+00 2.026271820068359375e-02 1.618739211419597268e+01 0.000000000000000000e+00 0.000000000000000000e+00 0.000000000000000000e+00 0.000000000000000000e+00 3.233563613891601562e+01 2.576411934569478035e-03 0.000000000000000000e+00 0.000000000000000000e+00 -2.576411934569478035e-03 3.231294250488281250e+01
9.994731190529049236e-01 1.632684790948405862e+01 2.043151855468750000e-02 0.000000000000000000e+00 0.000000000000000000e+00 2.043151855468750000e-02 1.632221901556476951e+01 0.000000000000000000e+00 0.000000000000000000e+00 0.000000000000000000e+00 0.000000000000000000e+00 3.260493469238281250e+01 2.580543048679828644e-03 0.000000000000000000e+00 0.000000000000000000e+00 -2.580543048679828644e-03 3.258205413818359375e+01
9.994787687135912035e-01 1.646666622487828135e+01 2.060604095458984375e-02 0.000000000000000000e+00 0.000000000000000000e+00 2.060604095458984375e-02 1.646205043466761708e+01 0.000000000000000000e+00 0.000000000000000000e+00 0.000000000000000000e+00 0.000000000000000000e+00 3.288420486450195312e+01 2.574951387941837311e-03 0.000000000000000000e+00 0.000000000000000000e+00 -2.574951387941837311e-03 3.286442565917968750e+01
9.994843879284712740e-01 1.661146895401179790e+01 2.078723907470703125e-02 0.000000000000000000e+00 0.000000000000000000e+00 2.078723907470703125e-02 1.660688241012394428e+01 0.000000000000000000e+00 0.000000000000000000e+00 0.000000000000000000e+00 0.000000000000000000e+00 3.317345046997070312e+01 2.569994423538446426e-03 0.000000000000000000e+00 0.000000000000000000e+00 -2.569994423538446426e-03 3.315349578857421875e+01
9.994899766973739386e-01 1.675628136936575174e+01 2.096843719482421875e-02 0.000000000000000000e+00 0.000000000000000000e+00 2.096843719482421875e-02 1.675170851405709982e+01 0.000000000000000000e+00 0.000000000000000000e+00 0.000000000000000000e+00 0.000000000000000000e+00 3.346605300903320312e+01 2.575963502749800682e-03 0.000000000000000000e+00 0.000000000000000000e+00 -2.575963502749800682e-03 3.344256591796875000e+01
9.994955350201288891e-01 1.690609324886463583e+01 2.115631103515625000e-02 0.000000000000000000e+00 0.000000000000000000e+00 2.115631103515625000e-02 1.690152012393809855e+01 0.000000000000000000e+00 0.000000000000000000e+00 0.000000000000000000e+00 0.000000000000000000e+00 3.376530075073242188e+01 2.576656406745314598e-03 0.000000000000000000e+00 0.000000000000000000e+00 -2.576656406745314598e-03 3.374160766601562500e+01
9.995010629622830267e-01 1.705675775348208845e+01 2.048969268798828125e-02 0.000000000000000000e+00 0.000000000000000000e+00 2.048969268798828125e-02 1.705219190777279437e+01 0.000000000000000000e+00 0.000000000000000000e+00 0.000000000000000000e+00 0.000000000000000000e+00 3.406455612182617188e+01 2.586857182905077934e-03 0.000000000000000000e+00 0.000000000000000000e+00 -2.586857182905077934e-03 3.404064941406250000e+01
9.995065603918728003e-01 1.721156027563847601e+01 2.067565917968750000e-02 0.000000000000000000e+00 0.000000000000000000e+00 2.067565917968750000e-02 1.720701501122675836e+01 0.000000000000000000e+00 0.000000000000000000e+00 0.000000000000000000e+00 0.000000000000000000e+00 3.437377548217773438e+01 2.614474622532725334e-03 0.000000000000000000e+00 0.000000000000000000e+00 -2.614474622532725334e-03 3.435309982299804688e+01
9.995120273748097084e-01 1.737134763388894498e+01 2.086734771728515625e-02 0.000000000000000000e+00 0.000000000000000000e+00 2.086734771728515625e-02 1.736684015602804720e+01 0.000000000000000000e+00 0.000000000000000000e+00 0.000000000000000000e+00 0.000000000000000000e+00 3.469297409057617188e+01 2.632840303704142570e-03 0.000000000000000000e+00 0.000000000000000000e+00 -2.632840303704142570e-03 3.467210388183593750e+01
9.995174639109274395e-01 1.753114574006758630e+01 2.105998992919921875e-02 0.000000000000000000e+00 0.000000000000000000e+00 2.105998992919921875e-02 1.752665646024979651e+01 0.000000000000000000e+00 0.000000000000000000e+00 0.000000000000000000e+00 0.000000000000000000e+00 3.501217269897460938e+01 2.634951146319508553e-03 0.000000000000000000e+00 0.000000000000000000e+00 -2.634951146319508553e-03 3.499111175537109375e+01
9.995228700000601263e-01 1.769594554789364338e+01 2.125740051269531250e-02 0.000000000000000000e+00 0.000000000000000000e+00 2.125740051269531250e-02 1.769146366231143475e+01 0.000000000000000000e+00 0.000000000000000000e+00 0.000000000000000000e+00 0.000000000000000000e+00 3.534489440917968750e+01 2.636695047840476036e-03 0.000000000000000000e+00 0.000000000000000000e+00 -2.636695047840476036e-03 3.532009124755859375e+01
9.995282456420432338e-01 1.787072932533919811e+01 2.146816253662109375e-02 0.000000000000000000e+00 0.000000000000000000e+00 2.146816253662109375e-02 1.786625683493912220e+01 0.000000000000000000e+00 0.000000000000000000e+00 0.000000000000000000e+00 0.000000000000000000e+00 3.569404983520507812e+01 2.629466587677598000e-03 0.000000000000000000e+00 0.000000000000000000e+00 -2.629466587677598000e-03 3.566900634765625000e+01
9.995335908367128930e-01 1.804641856858506799e+01 2.077484130859375000e-02 0.000000000000000000e+00 0.000000000000000000e+00 2.077484130859375000e-02 1.804195652296766639e+01 0.000000000000000000e+00 0.000000000000000000e+00 0.000000000000000000e+00 0.000000000000000000e+00 3.604321289062500000e+01 2.619781065732240677e-03 0.000000000000000000e+00 0.000000000000000000e+00 -2.619781065732240677e-03 3.602153396606445312e+01
9.995389055839064563e-01 1.822620305698364973e+01 2.098178863525390625e-02 0.000000000000000000e+00 0.000000000000000000e+00 2.098178863525390625e-02 1.822175493557006121e+01 0.000000000000000000e+00 0.000000000000000000e+00 0.000000000000000000e+00 0.000000000000000000e+00 3.640234756469726562e+01 2.614867640659213066e-03 0.000000000000000000e+00 0.000000000000000000e+00 -2.614867640659213066e-03 3.638045120239257812e+01
9.995441898834619421e-01 1.841098660300485790e+01 2.119445800781250000e-02 0.000000000000000000e+00 0.000000000000000000e+00 2.119445800781250000e-02 1.840654498268850148e+01 0.000000000000000000e+00 0.000000000000000000e+00 0.000000000000000000e+00 0.000000000000000000e+00 3.677145767211914062e+01 2.604521811008453369e-03 0.000000000000000000e+00 0.000000000000000000e+00 -2.604521811008453369e-03 3.674934005737304688e+01
9.995494437352183681e-01 1.859577149269171059e+01 2.140712738037109375e-02 0.000000000000000000e+00 0.000000000000000000e+00 2.140712738037109375e-02 1.859133368614129722e+01 0.000000000000000000e+00 0.000000000000000000e+00 0.000000000000000000e+00 0.000000000000000000e+00 3.714056777954101562e+01 2.594553167000412941e-03 0.000000000000000000e+00 0.000000000000000000e+00 -2.594553167000412941e-03 3.711822891235351562e+01
9.995546671390156401e-01 1.879552486725151539e+01 2.163696289062500000e-02 0.000000000000000000e+00 0.000000000000000000e+00 2.163696289062500000e-02 1.879112216643989086e+01 0.000000000000000000e+00 0.000000000000000000e+00 0.000000000000000000e+00 0.000000000000000000e+00 3.754337310791015625e+01 2.590819960460066795e-03 0.000000000000000000e+00 0.000000000000000000e+00 -2.590819960460066795e-03 3.751702880859375000e+01
9.995598600946946632e-01 1.899528210656717420e+01 2.186775207519531250e-02 0.000000000000000000e+00 0.000000000000000000e+00 2.186775207519531250e-02 1.899090105993673205e+01 0.000000000000000000e+00 0.000000000000000000e+00 0.000000000000000000e+00 0.000000000000000000e+00 3.794244766235351562e+01 2.581090666353702545e-03 0.000000000000000000e+00 0.000000000000000000e+00 -2.581090666353702545e-03 3.791963195800781250e+01
9.995650226020973417e-01 1.919602009817026556e+01 2.113628387451171875e-02 0.000000000000000000e+00 0.000000000000000000e+00 2.113628387451171875e-02 1.919162371591664851e+01 0.000000000000000000e+00 0.000000000000000000e+00 0.000000000000000000e+00 0.000000000000000000e+00 3.834152603149414062e+01 2.574035665020346642e-03 0.000000000000000000e+00 0.000000000000000000e+00 -2.574035665020346642e-03 3.831847000122070312e+01
9.995701547220638972e-01 1.939080423233099282e+01 2.135086059570312500e-02 0.000000000000000000e+00 0.000000000000000000e+00 2.135086059570312500e-02 1.938640981796197593e+01 0.000000000000000000e+00 0.000000000000000000e+00 0.000000000000000000e+00 0.000000000000000000e+00 3.873062896728515625e+01 2.578418701887130737e-03 0.000000000000000000e+00 0.000000000000000000e+00 -2.578418701887130737e-03 3.870733642578125000e+01
9.995752563320799977e-01 1.960554903675802052e+01 2.158737182617187500e-02 0.000000000000000000e+00 0.000000000000000000e+00 2.158737182617187500e-02 1.960119229624979198e+01 0.000000000000000000e+00 0.000000000000000000e+00 0.000000000000000000e+00 0.000000000000000000e+00 3.915964126586914062e+01 2.578719519078731537e-03 0.000000000000000000e+00 0.000000000000000000e+00 -2.578719519078731537e-03 3.913608932495117188e+01
9.995803274933505733e-01 1.982031075120903552e+01 2.182388305664062500e-02 0.000000000000000000e+00 0.000000000000000000e+00 2.182388305664062500e-02 1.981595786451362073e+01 0.000000000000000000e+00 0.000000000000000000e+00 0.000000000000000000e+00 0.000000000000000000e+00 3.959262084960937500e+01 2.567687537521123886e-03 0.000000000000000000e+00 0.000000000000000000e+00 -2.567687537521123886e-03 3.956484603881835938e+01
9.995853682057214140e-01 2.002511325315572321e+01 2.204990386962890625e-02 0.000000000000000000e+00 0.000000000000000000e+00 2.204990386962890625e-02 2.002069935365580022e+01 0.000000000000000000e+00 0.000000000000000000e+00 0.000000000000000000e+00 0.000000000000000000e+00 4.000171279907226562e+01 2.572168596088886261e-03 0.000000000000000000e+00 0.000000000000000000e+00 -2.572168596088886261e-03 3.997766113281250000e+01
9.995903784690387539e-01 2.023489656718447804e+01 2.228069305419921875e-02 0.000000000000000000e+00 0.000000000000000000e+00 2.228069305419921875e-02 2.023045263020321727e+01 0.000000000000000000e+00 0.000000000000000000e+00 0.000000000000000000e+00 0.000000000000000000e+00 4.042078781127929688e+01 2.584532136097550392e-03 0.000000000000000000e+00 0.000000000000000000e+00 -2.584532136097550392e-03 4.039648437500000000e+01
9.995953582831501594e-01 2.047563026961870492e+01 2.151966094970703125e-02 0.000000000000000000e+00 0.000000000000000000e+00 2.151966094970703125e-02 2.047124434891156852e+01 0.000000000000000000e+00 0.000000000000000000e+00 0.000000000000000000e+00 0.000000000000000000e+00 4.089973449707031250e+01 2.598350634798407555e-03 0.000000000000000000e+00 0.000000000000000000e+00 -2.598350634798407555e-03 4.087514114379882812e+01
9.996003076479037519e-01 2.072033777856267989e+01 2.177715301513671875e-02 0.000000000000000000e+00 0.000000000000000000e+00 2.177715301513671875e-02 2.071601971960626543e+01 0.000000000000000000e+00 0.000000000000000000e+00 0.000000000000000000e+00 0.000000000000000000e+00 4.138865661621093750e+01 2.624434186145663261e-03 0.000000000000000000e+00 0.000000000000000000e+00 -2.624434186145663261e-03 4.136376953125000000e+01
9.996052265631488742e-01 2.094513040687888861e+01 2.201271057128906250e-02 0.000000000000000000e+00 0.000000000000000000e+00 2.201271057128906250e-02 2.094075292441993952e+01 0.000000000000000000e+00 0.000000000000000000e+00 0.000000000000000000e+00 0.000000000000000000e+00 4.183766174316406250e+01 2.665064996108412743e-03 0.000000000000000000e+00 0.000000000000000000e+00 -2.665064996108412743e-03 4.181250381469726562e+01
9.996101150287356463e-01 2.119485298451036215e+01 2.227592468261718750e-02 0.000000000000000000e+00 0.000000000000000000e+00 2.227592468261718750e-02 2.119050391856580973e+01 0.000000000000000000e+00 0.000000000000000000e+00 0.000000000000000000e+00 0.000000000000000000e+00 4.234080505371093750e+01 2.685813233256340027e-03 0.000000000000000000e+00 0.000000000000000000e+00 -2.685813233256340027e-03 4.231534957885742188e+01
9.996149730445151871e-01 2.146951197832822800e+01 2.256393432617187500e-02 0.000000000000000000e+00 0.000000000000000000e+00 2.256393432617187500e-02 2.146526814252138138e+01 0.000000000000000000e+00 0.000000000000000000e+00 0.000000000000000000e+00 0.000000000000000000e+00 4.288965225219726562e+01 2.685814397409558296e-03 0.000000000000000000e+00 0.000000000000000000e+00 -2.685814397409558296e-03 4.286386489868164062e+01
9.996198006103395040e-01 2.171035296283662319e+01 2.172946929931640625e-02 0.000000000000000000e+00 0.000000000000000000e+00 2.172946929931640625e-02 2.170609563030302525e+01 0.000000000000000000e+00 0.000000000000000000e+00 0.000000000000000000e+00 0.000000000000000000e+00 4.336864089965820312e+01 2.702771686017513275e-03 0.000000000000000000e+00 0.000000000000000000e+00 -2.702771686017513275e-03 4.334256744384765625e+01
9.996245977260614923e-01 2.197009023278951645e+01 2.198982238769531250e-02 0.000000000000000000e+00 0.000000000000000000e+00 2.198982238769531250e-02 2.196583429723978043e+01 0.000000000000000000e+00 0.000000000000000000e+00 0.000000000000000000e+00 0.000000000000000000e+00 4.388754653930664062e+01 2.719717333093285561e-03 0.000000000000000000e+00 0.000000000000000000e+00 -2.719717333093285561e-03 4.386116027832031250e+01
9.996293644481767382e-01 2.224978603143244982e+01 2.226924896240234375e-02 0.000000000000000000e+00 0.000000000000000000e+00 2.226924896240234375e-02 2.224558101873844862e+01 0.000000000000000000e+00 0.000000000000000000e+00 0.000000000000000000e+00 0.000000000000000000e+00 4.444637298583984375e+01 2.714261878281831741e-03 0.000000000000000000e+00 0.000000000000000000e+00 -2.714261878281831741e-03 4.442410278320312500e+01
9.996341006628937098e-01 2.251950958045199513e+01 2.254009246826171875e-02 0.000000000000000000e+00 0.000000000000000000e+00 2.254009246826171875e-02 2.251531669823452830e+01 0.000000000000000000e+00 0.000000000000000000e+00 0.000000000000000000e+00 0.000000000000000000e+00 4.498974609375000000e+01 2.694425871595740318e-03 0.000000000000000000e+00 0.000000000000000000e+00 -2.694425871595740318e-03 4.496269989013671875e+01
9.996388064270728124e-01 2.278426480572670698e+01 2.280426025390625000e-02 0.000000000000000000e+00 0.000000000000000000e+00 2.280426025390625000e-02 2.278002810198813677e+01 0.000000000000000000e+00 0.000000000000000000e+00 0.000000000000000000e+00 0.000000000000000000e+00 4.551868438720703125e+01 2.696001203730702400e-03 0.000000000000000000e+00 0.000000000000000000e+00 -2.696001203730702400e-03 4.549131393432617188e+01
9.996434817405707163e-01 2.305899773957207799e+01 2.307987213134765625e-02 0.000000000000000000e+00 0.000000000000000000e+00 2.307987213134765625e-02 2.305474318144842982e+01 0.000000000000000000e+00 0.000000000000000000e+00 0.000000000000000000e+00 0.000000000000000000e+00 4.606758117675781250e+01 2.686967840418219566e-03 0.000000000000000000e+00 0.000000000000000000e+00 -2.686967840418219566e-03 4.603988265991210938e+01
9.996481266032448687e-01 2.335484410799108446e+01 2.220630645751953125e-02 0.000000000000000000e+00 0.000000000000000000e+00 2.220630645751953125e-02 2.335064409696497023e+01 0.000000000000000000e+00 0.000000000000000000e+00 0.000000000000000000e+00 0.000000000000000000e+00 4.665640258789062500e+01 2.672224305570125580e-03 0.000000000000000000e+00 0.000000000000000000e+00 -2.672224305570125580e-03 4.662834930419921875e+01
9.996527410149539383e-01 2.364456941955722868e+01 2.248191833496093750e-02 0.000000000000000000e+00 0.000000000000000000e+00 2.248191833496093750e-02 2.364036557800136507e+01 0.000000000000000000e+00 0.000000000000000000e+00 0.000000000000000000e+00 0.000000000000000000e+00 4.723524093627929688e+01 2.677452284842729568e-03 0.000000000000000000e+00 0.000000000000000000e+00 -2.677452284842729568e-03 4.721157455444335938e+01
9.996573249755572599e-01 2.394930235366337001e+01 2.277183532714843750e-02 0.000000000000000000e+00 0.000000000000000000e+00 2.277183532714843750e-02 2.394504960556514561e+01 0.000000000000000000e+00 0.000000000000000000e+00 0.000000000000000000e+00 0.000000000000000000e+00 4.784880828857421875e+01 2.672169823199510574e-03 0.000000000000000000e+00 0.000000000000000000e+00 -2.672169823199510574e-03 4.782004547119140625e+01
9.996618784849152783e-01 2.429395479196682572e+01 2.309894561767578125e-02 0.000000000000000000e+00 0.000000000000000000e+00 2.309894561767578125e-02 2.428974538808688521e+01 0.000000000000000000e+00 0.000000000000000000e+00 0.000000000000000000e+00 0.000000000000000000e+00 4.853750228881835938e+01 2.650329377502202988e-03 0.000000000000000000e+00 0.000000000000000000e+00 -2.650329377502202988e-03 4.850832366943359375e+01
9.996664015428892158e-01 2.463859481317922473e+01 2.342700958251953125e-02 0.000000000000000000e+00 0.000000000000000000e+00 2.342700958251953125e-02 2.463444405095651746e+01 0.000000000000000000e+00 0.000000000000000000e+00 0.000000000000000000e+00 0.000000000000000000e+00 4.922618484497070312e+01 2.646505367010831833e-03 0.000000000000000000e+00 0.000000000000000000e+00 -2.646505367010831833e-03 4.919659423828125000e+01
9.996708941493414047e-01 2.497452199528925121e+01 2.249526977539062500e-02 0.000000000000000000e+00 0.000000000000000000e+00 2.249526977539062500e-02 2.497038233210332692e+01 0.000000000000000000e+00 0.000000000000000000e+00 0.000000000000000000e+00 0.000000000000000000e+00 4.989491271972656250e+01 2.656962955370545387e-03 0.000000000000000000e+00 0.000000000000000000e+00 -2.656962955370545387e-03 4.986991882324218750e+01
9.996753563041348434e-01 2.530922694271430373e+01 2.279663085937500000e-02 0.000000000000000000e+00 0.000000000000000000e+00 2.279663085937500000e-02 2.530507283145561814e+01 0.000000000000000000e+00 0.000000000000000000e+00 0.000000000000000000e+00 0.000000000000000000e+00 5.056363677978515625e+01 2.655084943398833275e-03 0.000000000000000000e+00 0.000000000000000000e+00 -2.655084943398833275e-03 5.053831100463867188e+01
9.996797880071336406e-01 2.565889967372640967e+01 2.311229705810546875e-02 0.000000000000000000e+00 0.000000000000000000e+00 2.311229705810546875e-02 2.565476571628823876e+01 0.000000000000000000e+00 0.000000000000000000e+00 0.000000000000000000e+00 0.000000000000000000e+00 5.126744079589843750e+01 2.641439205035567284e-03 0.000000000000000000e+00 0.000000000000000000e+00 -2.641439205035567284e-03 5.123662567138671875e+01
9.996841892582029043e-01 2.600858410028740764e+01 2.342700958251953125e-02 0.000000000000000000e+00 0.000000000000000000e+00 2.342700958251953125e-02 2.600445262761786580e+01 0.000000000000000000e+00 0.000000000000000000e+00 0.000000000000000000e+00 0.000000000000000000e+00 5.196618270874023438e+01 2.631627488881349564e-03 0.000000000000000000e+00 0.000000000000000000e+00 -2.631627488881349564e-03 5.193494796752929688e+01
9.996885601091309859e-01 2.636826463206671178e+01 2.375125885009765625e-02 0.000000000000000000e+00 0.000000000000000000e+00 2.375125885009765625e-02 2.636411718861199915e+01 0.000000000000000000e+00 0.000000000000000000e+00 0.000000000000000000e+00 0.000000000000000000e+00 5.268487930297851562e+01 2.637410769239068031e-03 0.000000000000000000e+00 0.000000000000000000e+00 -2.637410769239068031e-03 5.265321350097656250e+01
9.996929004555767939e-01 2.675289912917651236e+01 2.409744262695312500e-02 0.000000000000000000e+00 0.000000000000000000e+00 2.409744262695312500e-02 2.674879078171215951e+01 0.000000000000000000e+00 0.000000000000000000e+00 0.000000000000000000e+00 0.000000000000000000e+00 5.345349502563476562e+01 2.659287303686141968e-03 0.000000000000000000e+00 0.000000000000000000e+00 -2.659287303686141968e-03 5.342671966552734375e+01
9.996972103496934992e-01 2.716387208993546665e+01 2.310657501220703125e-02 0.000000000000000000e+00 0.000000000000000000e+00 2.310657501220703125e-02 2.715979543630965054e+01 0.000000000000000000e+00 0.000000000000000000e+00 0.000000000000000000e+00 0.000000000000000000e+00 5.427201461791992188e+01 2.689677989110350609e-03 0.000000000000000000e+00 0.000000000000000000e+00 -2.689677989110350609e-03 5.424482727050781250e+01
9.997014897913498732e-01 2.760849117580801249e+01 2.348518371582031250e-02 0.000000000000000000e+00 0.000000000000000000e+00 2.348518371582031250e-02 2.760441852267831564e+01 0.000000000000000000e+00 0.000000000000000000e+00 0.000000000000000000e+00 0.000000000000000000e+00 5.516041183471679688e+01 2.709391992539167404e-03 0.000000000000000000e+00 0.000000000000000000e+00 -2.709391992539167404e-03 5.513278198242187500e+01
9.997057387804155759e-01 2.807308757072314620e+01 2.388000488281250000e-02 0.000000000000000000e+00 0.000000000000000000e+00 2.388000488281250000e-02 2.806902897590771317e+01 0.000000000000000000e+00 0.000000000000000000e+00 0.000000000000000000e+00 0.000000000000000000e+00 5.609435653686523438e+01 2.719589974731206894e-03 0.000000000000000000e+00 0.000000000000000000e+00 -2.719589974731206894e-03 5.606063842773437500e+01
9.997099573167611553e-01 2.853268994833342731e+01 2.427101135253906250e-02 0.000000000000000000e+00 0.000000000000000000e+00 2.427101135253906250e-02 2.852864656900055707e+01 0.000000000000000000e+00 0.000000000000000000e+00 0.000000000000000000e+00 0.000000000000000000e+00 5.701279449462890625e+01 2.712148241698741913e-03 0.000000000000000000e+00 0.000000000000000000e+00 -2.712148241698741913e-03 5.698423767089843750e+01
9.997141454002581584e-01 2.898230782453902066e+01 2.465438842773437500e-02 0.000000000000000000e+00 0.000000000000000000e+00 2.465438842773437500e-02 2.897825583512894809e+01 0.000000000000000000e+00 0.000000000000000000e+00 0.000000000000000000e+00 0.000000000000000000e+00 5.791125488281250000e+01 2.696878975257277489e-03 0.000000000000000000e+00 0.000000000000000000e+00 -2.696878975257277489e-03 5.788225173950195312e+01
9.997183030307789098e-01 2.942839932930655777e+01 2.356052398681640625e-02 0.000000000000000000e+00 0.000000000000000000e+00 2.356052398681640625e-02 2.942435526358895004e+01 0.000000000000000000e+00 0.000000000000000000e+00 0.000000000000000000e+00 0.000000000000000000e+00 5.879974746704101562e+01 2.711750334128737450e-03 0.000000000000000000e+00 0.000000000000000000e+00 -2.711750334128737450e-03 5.877029418945312500e+01
9.997224302081968439e-01 2.988799955346621573e+01 2.392864227294921875e-02 0.000000000000000000e+00 0.000000000000000000e+00 2.392864227294921875e-02 2.988401315710507333e+01 0.000000000000000000e+00 0.000000000000000000e+00 0.000000000000000000e+00 0.000000000000000000e+00 5.971817779541015625e+01 2.704456215724349022e-03 0.000000000000000000e+00 0.000000000000000000e+00 -2.704456215724349022e-03 5.968826675415039062e+01
9.997265269323862835e-01 3.035761980665847659e+01 2.430438995361328125e-02 0.000000000000000000e+00 0.000000000000000000e+00 2.430438995361328125e-02 3.035364003526046872e+01 0.000000000000000000e+00 0.000000000000000000e+00 0.000000000000000000e+00 0.000000000000000000e+00 6.066265106201171875e+01 2.666143234819173813e-03 0.000000000000000000e+00 0.000000000000000000e+00 -2.666143234819173813e-03 6.063227462768554688e+01
9.997305932032223286e-01 3.083226643665693700e+01 2.468395233154296875e-02 0.000000000000000000e+00 0.000000000000000000e+00 2.468395233154296875e-02 3.082823122874833643e+01 0.000000000000000000e+00 0.000000000000000000e+00 0.000000000000000000e+00 0.000000000000000000e+00 6.161112976074218750e+01 2.676974050700664520e-03 0.000000000000000000e+00 0.000000000000000000e+00 -2.676974050700664520e-03 6.158027648925781250e+01
9.997346290205811892e-01 3.134184071724303067e+01 2.509212493896484375e-02 0.000000000000000000e+00 0.000000000000000000e+00 2.509212493896484375e-02 3.133784106071107090e+01 0.000000000000000000e+00 0.000000000000000000e+00 0.000000000000000000e+00 0.000000000000000000e+00 6.262949752807617188e+01 2.679819939658045769e-03 0.000000000000000000e+00 0.000000000000000000e+00 -2.679819939658045769e-03 6.259813308715820312e+01
9.997386344319060258e-01 3.189793939888477325e+01 2.394008636474609375e-02 0.000000000000000000e+00 0.000000000000000000e+00 2.394008636474609375e-02 3.189404325187206268e+01 0.000000000000000000e+00 0.000000000000000000e+00 0.000000000000000000e+00 0.000000000000000000e+00 6.373771667480468750e+01 2.672974951565265656e-03 0.000000000000000000e+00 0.000000000000000000e+00 -2.672974951565265656e-03 6.370579910278320312e+01
9.997426093415795467e-01 3.247746804088819772e+01 2.437591552734375000e-02 0.000000000000000000e+00 0.000000000000000000e+00 2.437591552734375000e-02 3.247364279895555228e+01 0.000000000000000000e+00 0.000000000000000000e+00 0.000000000000000000e+00 0.000000000000000000e+00 6.489585876464843750e+01 2.683194354176521301e-03 0.000000000000000000e+00 0.000000000000000000e+00 -2.683194354176521301e-03 6.486986541748046875e+01
9.997465537974098426e-01 3.299711906444281340e+01 2.476501464843750000e-02 0.000000000000000000e+00 0.000000000000000000e+00 2.476501464843750000e-02 3.299320686329156160e+01 0.000000000000000000e+00 0.000000000000000000e+00 0.000000000000000000e+00 0.000000000000000000e+00 6.594079589843750000e+01 2.714898437261581421e-03 0.000000000000000000e+00 0.000000000000000000e+00 -2.714898437261581421e-03 6.590777587890625000e+01
9.997504677992766764e-01 3.358165060076862574e+01 2.520370483398437500e-02 0.000000000000000000e+00 0.000000000000000000e+00 2.520370483398437500e-02 3.357779611553996801e+01 0.000000000000000000e+00 0.000000000000000000e+00 0.000000000000000000e+00 0.000000000000000000e+00 6.710903930664062500e+01 2.717294497415423393e-03 0.000000000000000000e+00 0.000000000000000000e+00 -2.717294497415423393e-03 6.707543945312500000e+01
9.997543513470608101e-01 3.418112599942833185e+01 2.565383911132812500e-02 0.000000000000000000e+00 0.000000000000000000e+00 2.565383911132812500e-02 3.417742502596229315e+01 0.000000000000000000e+00 0.000000000000000000e+00 0.000000000000000000e+00 0.000000000000000000e+00 6.830724334716796875e+01 2.727501094341278076e-03 0.000000000000000000e+00 0.000000000000000000e+00 -2.727501094341278076e-03 6.827304077148437500e+01
9.997582044406441160e-01 3.471574800030793995e+01 2.605438232421875000e-02 0.000000000000000000e+00 0.000000000000000000e+00 2.605438232421875000e-02 3.471199400408659130e+01 0.000000000000000000e+00 0.000000000000000000e+00 0.000000000000000000e+00 0.000000000000000000e+00 6.937563323974609375e+01 2.769466722384095192e-03 0.000000000000000000e+00 0.000000000000000000e+00 -2.769466722384095192e-03 6.934089660644531250e+01
9.997620270799091324e-01 3.528210177971050143e+01 2.471351623535156250e-02 0.000000000000000000e+00 0.000000000000000000e+00 2.471351623535156250e-02 3.527831921027973294e+01 0.000000000000000000e+00 0.000000000000000000e+00 0.000000000000000000e+00 0.000000000000000000e+00 7.050392913818359375e+01 2.803211100399494171e-03 0.000000000000000000e+00 0.000000000000000000e+00 -2.803211100399494171e-03 7.047568511962890625e+01
9.997658192647392861e-01 3.592660458025056869e+01 2.516555786132812500e-02 0.000000000000000000e+00 0.000000000000000000e+00 2.516555786132812500e-02 3.592291324201505631e+01 0.000000000000000000e+00 0.000000000000000000e+00 0.000000000000000000e+00 0.000000000000000000e+00 7.179199981689453125e+01 2.823506947606801987e-03 0.000000000000000000e+00 0.000000000000000000e+00 -2.823506947606801987e-03 7.176323699951171875e+01
9.997695809950193357e-01 3.659609198302496225e+01 2.563476562500000000e-02 0.000000000000000000e+00 0.000000000000000000e+00 2.563476562500000000e-02 3.659247613220941275e+01 0.000000000000000000e+00 0.000000000000000000e+00 0.000000000000000000e+00 0.000000000000000000e+00 7.313729858398437500e+01 2.814606996253132820e-03 0.000000000000000000e+00 0.000000000000000000e+00 -2.814606996253132820e-03 7.310067749023437500e+01
9.997733122706343734e-01 3.729061088350135833e+01 2.612113952636718750e-02 0.000000000000000000e+00 0.000000000000000000e+00 2.612113952636718750e-02 3.728698387357871979e+01 0.000000000000000000e+00 0.000000000000000000e+00 0.000000000000000000e+00 0.000000000000000000e+00 7.452535247802734375e+01 2.820261521264910698e-03 0.000000000000000000e+00 0.000000000000000000e+00 -2.820261521264910698e-03 7.448803710937500000e+01
9.997770130914710451e-01 3.803010575729422271e+01 2.663803100585937500e-02 0.000000000000000000e+00 0.000000000000000000e+00 2.663803100585937500e-02 3.802645857376046479e+01 0.000000000000000000e+00 0.000000000000000000e+00 0.000000000000000000e+00 0.000000000000000000e+00 7.600328826904296875e+01 2.788664773106575012e-03 0.000000000000000000e+00 0.000000000000000000e+00 -2.788664773106575012e-03 7.597283935546875000e+01
9.997806834574164414e-01 3.882144380582030863e+01 2.524948120117187500e-02 0.000000000000000000e+00 0.000000000000000000e+00 2.524948120117187500e-02 3.881789182650391012e+01 0.000000000000000000e+00 0.000000000000000000e+00 0.000000000000000000e+00 0.000000000000000000e+00 7.758106994628906250e+01 2.744005061686038971e-03 0.000000000000000000e+00 0.000000000000000000e+00 -2.744005061686038971e-03 7.754999542236328125e+01
9.997843233683587627e-01 3.965084191656205803e+01 2.578735351562500000e-02 0.000000000000000000e+00 0.000000000000000000e+00 2.578735351562500000e-02 3.964741400384809822e+01 0.000000000000000000e+00 0.000000000000000000e+00 0.000000000000000000e+00 0.000000000000000000e+00 7.923873901367187500e+01 2.727253828197717667e-03 0.000000000000000000e+00 0.000000000000000000e+00 -2.727253828197717667e-03 7.920700073242187500e+01
9.997879328670337129e-01 4.046533983969129622e+01 2.631759643554687500e-02 0.000000000000000000e+00 0.000000000000000000e+00 2.631759643554687500e-02 4.046185284829698503e+01 0.000000000000000000e+00 0.000000000000000000e+00 0.000000000000000000e+00 0.000000000000000000e+00 8.087455749511718750e+01 2.720112446695566177e-03 0.000000000000000000e+00 0.000000000000000000e+00 -2.720112446695566177e-03 8.083406066894531250e+01
9.997915118672752177e-01 4.127482065558433533e+01 2.684402465820312500e-02 0.000000000000000000e+00 0.000000000000000000e+00 2.684402465820312500e-02 4.127131429314613342e+01 0.000000000000000000e+00 0.000000000000000000e+00 0.000000000000000000e+00 0.000000000000000000e+00 8.249244689941406250e+01 2.732402179390192032e-03 0.000000000000000000e+00 0.000000000000000000e+00 -2.732402179390192032e-03 8.245940399169921875e+01
9.997950604121836893e-01 4.213419139152392745e+01 2.740287780761718750e-02 0.000000000000000000e+00 0.000000000000000000e+00 2.740287780761718750e-02 4.213081944221630692e+01 0.000000000000000000e+00 0.000000000000000000e+00 0.000000000000000000e+00 0.000000000000000000e+00 8.421020507812500000e+01 2.753884997218847275e-03 0.000000000000000000e+00 0.000000000000000000e+00 -2.753884997218847275e-03 8.417647552490234375e+01
9.997985785016513249e-01 4.300074057257734239e+01 2.581596374511718750e-02 0.000000000000000000e+00 0.000000000000000000e+00 2.581596374511718750e-02 4.299744744622148573e+01 0.000000000000000000e+00 0.000000000000000000e+00 0.000000000000000000e+00 0.000000000000000000e+00 8.593795776367187500e+01 2.783711533993482590e-03 0.000000000000000000e+00 0.000000000000000000e+00 -2.783711533993482590e-03 8.590353393554687500e+01
9.998020661355706551e-01 4.386023173318244517e+01 2.633094787597656250e-02 0.000000000000000000e+00 0.000000000000000000e+00 2.633094787597656250e-02 4.385691227926872671e+01 0.000000000000000000e+00 0.000000000000000000e+00 0.000000000000000000e+00 0.000000000000000000e+00 8.765570831298828125e+01 2.782302908599376678e-03 0.000000000000000000e+00 0.000000000000000000e+00 -2.782302908599376678e-03 8.762059783935546875e+01
9.998055233138356535e-01 4.477967505576089025e+01 2.688407897949218750e-02 0.000000000000000000e+00 0.000000000000000000e+00 2.688407897949218750e-02 4.477636666176840663e+01 0.000000000000000000e+00 0.000000000000000000e+00 0.000000000000000000e+00 0.000000000000000000e+00 8.950227355957031250e+01 2.750125015154480934e-03 0.000000000000000000e+00 0.000000000000000000e+00 -2.750125015154480934e-03 8.946643066406250000e+01
9.998089500363409599e-01 4.573406367143616080e+01 2.745628356933593750e-02 0.000000000000000000e+00 0.000000000000000000e+00 2.745628356933593750e-02 4.573082204023376107e+01 0.000000000000000000e+00 0.000000000000000000e+00 0.000000000000000000e+00 0.000000000000000000e+00 9.140997314453125000e+01 2.728205174207687378e-03 0.000000000000000000e+00 0.000000000000000000e+00 -2.728205174207687378e-03 9.137336730957031250e+01
9.998123463029822133e-01 4.677340330905281007e+01 2.807998657226562500e-02 0.000000000000000000e+00 0.000000000000000000e+00 2.807998657226562500e-02 4.677023682766593993e+01 0.000000000000000000e+00 0.000000000000000000e+00 0.000000000000000000e+00 0.000000000000000000e+00 9.348748016357421875e+01 2.718138275668025017e-03 0.000000000000000000e+00 0.000000000000000000e+00 -2.718138275668025017e-03 9.345003509521484375e+01
9.998157121136558301e-01 4.782774051744490862e+01 2.871322631835937500e-02 0.000000000000000000e+00 0.000000000000000000e+00 2.871322631835937500e-02 4.782462612073868513e+01 0.000000000000000000e+00 0.000000000000000000e+00 0.000000000000000000e+00 0.000000000000000000e+00 9.559494018554687500e+01 2.722943667322397232e-03 0.000000000000000000e+00 0.000000000000000000e+00 -2.722943667322397232e-03 9.555665588378906250e+01
9.998190474682593365e-01 4.896946051099803299e+01 2.694702148437500000e-02 0.000000000000000000e+00 0.000000000000000000e+00 2.694702148437500000e-02 4.896642968675587326e+01 0.000000000000000000e+00 0.000000000000000000e+00 0.000000000000000000e+00 0.000000000000000000e+00 9.787219238281250000e+01 2.726075937971472740e-03 0.000000000000000000e+00 0.000000000000000000e+00 -2.726075937971472740e-03 9.784279632568359375e+01
9.998223523666912582e-01 5.012380550813395530e+01 2.758216857910156250e-02 0.000000000000000000e+00 0.000000000000000000e+00 2.758216857910156250e-02 5.012081958341877908e+01 0.000000000000000000e+00 0.000000000000000000e+00 0.000000000000000000e+00 0.000000000000000000e+00 1.001894607543945312e+02 2.787331119179725647e-03 0.000000000000000000e+00 0.000000000000000000e+00 -2.787331119179725647e-03 1.001493377685546875e+02
9.998256268088507870e-01 5.122318574751261622e+01 2.818679809570312500e-02 0.000000000000000000e+00 0.000000000000000000e+00 2.818679809570312500e-02 5.122021940385457128e+01 0.000000000000000000e+00 0.000000000000000000e+00 0.000000000000000000e+00 0.000000000000000000e+00 1.023870315551757812e+02 2.844368806108832359e-03 0.000000000000000000e+00 0.000000000000000000e+00 -2.844368806108832359e-03 1.023460311889648438e+02
9.998288708331279917e-01 5.242247303668409586e+01 2.884674072265625000e-02 0.000000000000000000e+00 0.000000000000000000e+00 2.884674072265625000e-02 5.241960612591356039e+01 0.000000000000000000e+00 0.000000000000000000e+00 0.000000000000000000e+00 0.000000000000000000e+00 1.047843856811523438e+02 2.824950963258743286e-03 0.000000000000000000e+00 0.000000000000000000e+00 -2.824950963258743286e-03 1.047424240112304688e+02
9.998320843620814857e-01 5.362175598472822458e+01 2.950668334960937500e-02 0.000000000000000000e+00 0.000000000000000000e+00 2.950668334960937500e-02 5.361900481849443167e+01 0.000000000000000000e+00 0.000000000000000000e+00 0.000000000000000000e+00 0.000000000000000000e+00 1.071817474365234375e+02 2.774772001430392265e-03 0.000000000000000000e+00 0.000000000000000000e+00 -2.774772001430392265e-03 1.071495513916015625e+02
9.998352674344661573e-01 5.487378899625036865e+01 2.744865417480468750e-02 0.000000000000000000e+00 0.000000000000000000e+00 2.744865417480468750e-02 5.487108023592736572e+01 0.000000000000000000e+00 0.000000000000000000e+00 0.000000000000000000e+00 0.000000000000000000e+00 1.096789855957031250e+02 2.820756053552031517e-03 0.000000000000000000e+00 0.000000000000000000e+00 -2.820756053552031517e-03 1.096460494995117188e+02
9.998384200501849728e-01 5.617309976776596159e+01 2.809906005859375000e-02 0.000000000000000000e+00 0.000000000000000000e+00 2.809906005859375000e-02 5.617045949737075716e+01 0.000000000000000000e+00 0.000000000000000000e+00 0.000000000000000000e+00 0.000000000000000000e+00 1.122761154174804688e+02 2.876309677958488464e-03 0.000000000000000000e+00 0.000000000000000000e+00 -2.876309677958488464e-03 1.122424011230468750e+02
9.998415422091420091e-01 5.757235721603501588e+01 2.879905700683593750e-02 0.000000000000000000e+00 0.000000000000000000e+00 2.879905700683593750e-02 5.756979747756849974e+01 0.000000000000000000e+00 0.000000000000000000e+00 0.000000000000000000e+00 0.000000000000000000e+00 1.150845565795898438e+02 2.791289938613772392e-03 0.000000000000000000e+00 0.000000000000000000e+00 -2.791289938613772392e-03 1.150384750366210938e+02
9.998446339112422310e-01 5.907162118633277714e+01 2.954864501953125000e-02 0.000000000000000000e+00 0.000000000000000000e+00 2.954864501953125000e-02 5.906902670185081661e+01 0.000000000000000000e+00 0.000000000000000000e+00 0.000000000000000000e+00 0.000000000000000000e+00 1.180815505981445312e+02 2.754054032266139984e-03 0.000000000000000000e+00 0.000000000000000000e+00 -2.754054032266139984e-03 1.180460891723632812e+02
9.998476951563912696e-01 6.057082183926831931e+01 3.030014038085937500e-02 0.000000000000000000e+00 0.000000000000000000e+00 3.030014038085937500e-02 6.056831542879808694e+01 0.000000000000000000e+00 0.000000000000000000e+00 0.000000000000000000e+00 0.000000000000000000e+00 1.210785369873046875e+02 2.756081987172365189e-03 0.000000000000000000e+00 0.000000000000000000e+00 -2.756081987172365189e-03 1.210421829223632812e+02
9.998507259444959772e-01 6.221985415322706103e+01 3.112411499023437500e-02 0.000000000000000000e+00 0.000000000000000000e+00 3.112411499023437500e-02 6.221763058798387647e+01 0.000000000000000000e+00 0.000000000000000000e+00 0.000000000000000000e+00 0.000000000000000000e+00 1.243752365112304688e+02 2.746463986113667488e-03 0.000000000000000000e+00 0.000000000000000000e+00 -2.746463986113667488e-03 1.243378829956054688e+02
9.998537262754639832e-01 6.392209703335538507e+01 2.877616882324218750e-02 0.000000000000000000e+00 0.000000000000000000e+00 2.877616882324218750e-02 6.392007749667391181e+01 0.000000000000000000e+00 0.000000000000000000e+00 0.000000000000000000e+00 0.000000000000000000e+00 1.277846221923828125e+02 2.742170123383402824e-03 0.000000000000000000e+00 0.000000000000000000e+00 -2.742170123383402824e-03 1.277334594726562500e+02
9.998566961492040273e-01 6.552146975463256240e+01 2.949523925781250000e-02 0.000000000000000000e+00 0.000000000000000000e+00 2.949523925781250000e-02 6.551927121216431260e+01 0.000000000000000000e+00 0.000000000000000000e+00 0.000000000000000000e+00 0.000000000000000000e+00 1.309817504882812500e+02 2.750472398474812508e-03 0.000000000000000000e+00 0.000000000000000000e+00 -2.750472398474812508e-03 1.309293060302734375e+02
9.998596355830550175e-01 6.732060785300564021e+01 3.030776977539062500e-02 0.000000000000000000e+00 0.000000000000000000e+00 3.030776977539062500e-02 6.731848363869357854e+01 0.000000000000000000e+00 0.000000000000000000e+00 0.000000000000000000e+00 0.000000000000000000e+00 1.345784759521484375e+02 2.747874008491635323e-03 0.000000000000000000e+00 0.000000000000000000e+00 -2.747874008491635323e-03 1.345380706787109375e+02
9.998625445418869440e-01 6.916959837410831824e+01 3.113937377929687500e-02 0.000000000000000000e+00 0.000000000000000000e+00 3.113937377929687500e-02 6.916782685782527551e+01 0.000000000000000000e+00 0.000000000000000000e+00 0.000000000000000000e+00 0.000000000000000000e+00 1.382751464843750000e+02 2.727858256548643112e-03 0.000000000000000000e+00 0.000000000000000000e+00 -2.727858256548643112e-03 1.382336273193359375e+02
9.998654230432221235e-01 7.096880457055522129e+01 3.194808959960937500e-02 0.000000000000000000e+00 0.000000000000000000e+00 3.194808959960937500e-02 7.096699407446430996e+01 0.000000000000000000e+00 0.000000000000000000e+00 0.000000000000000000e+00 0.000000000000000000e+00 1.418719024658203125e+02 2.781773917376995087e-03 0.000000000000000000e+00 0.000000000000000000e+00 -2.781773917376995087e-03 1.418292999267578125e+02
9.998682710869729595e-01 7.286792081489693373e+01 3.280258178710937500e-02 0.000000000000000000e+00 0.000000000000000000e+00 3.280258178710937500e-02 7.286615663871634752e+01 0.000000000000000000e+00 0.000000000000000000e+00 0.000000000000000000e+00 0.000000000000000000e+00 1.456684722900390625e+02 2.770193852484226227e-03 0.000000000000000000e+00 0.000000000000000000e+00 -2.770193852484226227e-03 1.456247253417968750e+02
9.998710886730527436e-01 7.502055170212406665e+01 3.002166748046875000e-02 0.000000000000000000e+00 0.000000000000000000e+00 3.002166748046875000e-02 7.501909063186030835e+01 0.000000000000000000e+00 0.000000000000000000e+00 0.000000000000000000e+00 0.000000000000000000e+00 1.499795989990234375e+02 2.682281192392110825e-03 0.000000000000000000e+00 0.000000000000000000e+00 -2.682281192392110825e-03 1.499345703125000000e+02
9.998738758013755445e-01 7.716960517136612907e+01 3.087997436523437500e-02 0.000000000000000000e+00 0.000000000000000000e+00 3.087997436523437500e-02 7.716829308302840218e+01 0.000000000000000000e+00 0.000000000000000000e+00 0.000000000000000000e+00 0.000000000000000000e+00 1.542761383056640625e+02 2.651042072102427483e-03 0.000000000000000000e+00 0.000000000000000000e+00 -2.651042072102427483e-03 1.542298126220703125e+02
9.998766324881966927e-01 7.941870400193147361e+01 3.178024291992187500e-02 0.000000000000000000e+00 0.000000000000000000e+00 3.178024291992187500e-02 7.941739371535368264e+01 0.000000000000000000e+00 0.000000000000000000e+00 0.000000000000000000e+00 0.000000000000000000e+00 1.587725372314453125e+02 2.755320165306329727e-03 0.000000000000000000e+00 0.000000000000000000e+00 -2.755320165306329727e-03 1.587248687744140625e+02
9.998793587005703198e-01 8.181762837193673477e+01 3.274154663085937500e-02 0.000000000000000000e+00 0.000000000000000000e+00 3.274154663085937500e-02 8.181653453089529648e+01 0.000000000000000000e+00 0.000000000000000000e+00 0.000000000000000000e+00 0.000000000000000000e+00 1.635686798095703125e+02 2.812359947711229324e-03 0.000000000000000000e+00 0.000000000000000000e+00 -2.812359947711229324e-03 1.635195770263671875e+02
9.998820544549350542e-01 8.431649333689711057e+01 3.374099731445312500e-02 0.000000000000000000e+00 0.000000000000000000e+00 3.374099731445312500e-02 8.431565540577867068e+01 0.000000000000000000e+00 0.000000000000000000e+00 0.000000000000000000e+00 0.000000000000000000e+00 1.685646667480468750e+02 2.781856805086135864e-03 0.000000000000000000e+00 0.000000000000000000e+00 -2.781856805086135864e-03 1.685309295654296875e+02
9.998847197512087392e-01 8.691974137752549723e+01 3.043365478515625000e-02 0.000000000000000000e+00 0.000000000000000000e+00 3.043365478515625000e-02 8.691901899845106527e+01 0.000000000000000000e+00 0.000000000000000000e+00 0.000000000000000000e+00 0.000000000000000000e+00 1.737778930664062500e+02 2.801522845402359962e-03 0.000000000000000000e+00 0.000000000000000000e+00 -2.801522845402359962e-03 1.737257232666015625e+02
9.998873545893103287e-01 8.966874780855141580e+01 3.139495849609375000e-02 0.000000000000000000e+00 0.000000000000000000e+00 3.139495849609375000e-02 8.966807470121420920e+01 0.000000000000000000e+00 0.000000000000000000e+00 0.000000000000000000e+00 0.000000000000000000e+00 1.792740325927734375e+02 2.789664082229137421e-03 0.000000000000000000e+00 0.000000000000000000e+00 -2.789664082229137421e-03 1.792202148437500000e+02
9.998899589691594425e-01 9.251768322783755139e+01 3.239059448242187500e-02 0.000000000000000000e+00 0.000000000000000000e+00 3.239059448242187500e-02 9.251714495819760486e+01 0.000000000000000000e+00 0.000000000000000000e+00 0.000000000000000000e+00 0.000000000000000000e+00 1.849700469970703125e+02 2.789451042190194130e-03 0.000000000000000000e+00 0.000000000000000000e+00 -2.789451042190194130e-03 1.849145050048828125e+02
9.998925329059278333e-01 9.551650858894572593e+01 3.344345092773437500e-02 0.000000000000000000e+00 0.000000000000000000e+00 3.344345092773437500e-02 9.551619862540974282e+01 0.000000000000000000e+00 0.000000000000000000e+00 0.000000000000000000e+00 0.000000000000000000e+00 1.909658203125000000e+02 2.812986029312014580e-03 0.000000000000000000e+00 0.000000000000000000e+00 -2.812986029312014580e-03 1.909084930419921875e+02
9.998950763688534416e-01 9.861529925534705399e+01 3.452682495117187500e-02 0.000000000000000000e+00 0.000000000000000000e+00 3.452682495117187500e-02 9.861522290041466476e+01 0.000000000000000000e+00 0.000000000000000000e+00 0.000000000000000000e+00 0.000000000000000000e+00 1.971614685058593750e+02 2.807572949677705765e-03 0.000000000000000000e+00 0.000000000000000000e+00 -2.807572949677705765e-03 1.971220092773437500e+02
9.998975893732914288e-01 1.018640264466303051e+02 3.566360473632812500e-02 0.000000000000000000e+00 0.000000000000000000e+00 3.566360473632812500e-02 1.018642068907720386e+02 0.000000000000000000e+00 0.000000000000000000e+00 0.000000000000000000e+00 0.000000000000000000e+00 2.036569061279296875e+02 2.763522090390324593e-03 0.000000000000000000e+00 0.000000000000000000e+00 -2.763522090390324593e-03 2.036161499023437500e+02
9.999000719191653008e-01 1.052180550974590005e+02 3.157424926757812500e-02 0.000000000000000000e+00 0.000000000000000000e+00 3.157424926757812500e-02 1.052183386403339682e+02 0.000000000000000000e+00 0.000000000000000000e+00 0.000000000000000000e+00 0.000000000000000000e+00 2.103732452392578125e+02 2.768069040030241013e-03 0.000000000000000000e+00 0.000000000000000000e+00 -2.768069040030241013e-03 2.103101043701171875e+02
9.999025240063992293e-01 1.087169609781412873e+02 3.262329101562500000e-02 0.000000000000000000e+00 0.000000000000000000e+00 3.262329101562500000e-02 1.087173194173665252e+02 0.000000000000000000e+00 0.000000000000000000e+00 0.000000000000000000e+00 0.000000000000000000e+00 2.173690338134765625e+02 2.747019054368138313e-03 0.000000000000000000e+00 0.000000000000000000e+00 -2.747019054368138313e-03 2.173037872314453125e+02
9.999049456349187182e-01 1.125156750466849189e+02 3.376388549804687500e-02 0.000000000000000000e+00 0.000000000000000000e+00 3.376388549804687500e-02 1.125163150045846123e+02 0.000000000000000000e+00 0.000000000000000000e+00 0.000000000000000000e+00 0.000000000000000000e+00 2.249644622802734375e+02 2.734959125518798828e-03 0.000000000000000000e+00 0.000000000000000000e+00 -2.734959125518798828e-03 2.249194335937500000e+02
9.999073368188116095e-01 1.164642898017773405e+02 3.495025634765625000e-02 0.000000000000000000e+00 0.000000000000000000e+00 3.495025634765625000e-02 1.164653061454882845e+02 0.000000000000000000e+00 0.000000000000000000e+00 0.000000000000000000e+00 0.000000000000000000e+00 2.328596954345703125e+02 2.761044073849916458e-03 0.000000000000000000e+00 0.000000000000000000e+00 -2.761044073849916458e-03 2.328130950927734375e+02
9.999096975295000966e-01 1.206629429279710166e+02 3.620910644531250000e-02 0.000000000000000000e+00 0.000000000000000000e+00 3.620910644531250000e-02 1.206641139567946084e+02 0.000000000000000000e+00 0.000000000000000000e+00 0.000000000000000000e+00 0.000000000000000000e+00 2.412546386718750000e+02 2.764024073258042336e-03 0.000000000000000000e+00 0.000000000000000000e+00 -2.764024073258042336e-03 2.412063598632812500e+02
9.999120277812555413e-01 1.249615872484864667e+02 3.749847412109375000e-02 0.000000000000000000e+00 0.000000000000000000e+00 3.749847412109375000e-02 1.249628817456541583e+02 0.000000000000000000e+00 0.000000000000000000e+00 0.000000000000000000e+00 0.000000000000000000e+00 2.498494720458984375e+02 2.747494261711835861e-03 0.000000000000000000e+00 0.000000000000000000e+00 -2.747494261711835861e-03 2.497994689941406250e+02
9.999143275740070003e-01 1.297164282890153117e+02 3.244018554687500000e-02 0.000000000000000000e+00 0.000000000000000000e+00 3.244018554687500000e-02 1.297181420234846883e+02 0.000000000000000000e+00 0.000000000000000000e+00 0.000000000000000000e+00 0.000000000000000000e+00 2.593696899414062500e+02 2.662464277818799019e-03 0.000000000000000000e+00 0.000000000000000000e+00 -2.662464277818799019e-03 2.592918395996093750e+02
9.999165969076844185e-01 1.346649783402681351e+02 3.367614746093750000e-02 0.000000000000000000e+00 0.000000000000000000e+00 3.367614746093750000e-02 1.346670834273099899e+02 0.000000000000000000e+00 0.000000000000000000e+00 0.000000000000000000e+00 0.000000000000000000e+00 2.692647094726562500e+02 2.632301533594727516e-03 0.000000000000000000e+00 0.000000000000000000e+00 -2.632301533594727516e-03 2.692108459472656250e+02
9.999188357822186290e-01 1.397136364356847480e+02 3.494262695312500000e-02 0.000000000000000000e+00 0.000000000000000000e+00 3.494262695312500000e-02 1.397158679588465020e+02 0.000000000000000000e+00 0.000000000000000000e+00 0.000000000000000000e+00 0.000000000000000000e+00 2.793596191406250000e+02 2.642387291416525841e-03 0.000000000000000000e+00 0.000000000000000000e+00 -2.642387291416525841e-03 2.793037414550781250e+02
9.999210441975413532e-01 1.451121946589555591e+02 3.628540039062500000e-02 0.000000000000000000e+00 0.000000000000000000e+00 3.628540039062500000e-02 1.451146119816694409e+02 0.000000000000000000e+00 0.000000000000000000e+00 0.000000000000000000e+00 0.000000000000000000e+00 2.901542358398437500e+02 2.647530287504196167e-03 0.000000000000000000e+00 0.000000000000000000e+00 -2.647530287504196167e-03 2.900961608886718750e+02
9.999232221664763332e-01 1.509104325533844531e+02 3.774261474609375000e-02 0.000000000000000000e+00 0.000000000000000000e+00 3.774261474609375000e-02 1.509134352444671094e+02 0.000000000000000000e+00 0.000000000000000000e+00 0.000000000000000000e+00 0.000000000000000000e+00 3.017483825683593750e+02 2.561917994171380997e-03 0.000000000000000000e+00 0.000000000000000000e+00 -2.561917994171380997e-03 3.016880187988281250e+02
9.999253696629938348e-01 1.571086381750646979e+02 3.929138183593750000e-02 0.000000000000000000e+00 0.000000000000000000e+00 3.929138183593750000e-02 1.571120954675134271e+02 0.000000000000000000e+00 0.000000000000000000e+00 0.000000000000000000e+00 0.000000000000000000e+00 3.141421508789062500e+02 2.442419994622468948e-03 0.000000000000000000e+00 0.000000000000000000e+00 -2.442419994622468948e-03 3.141107482910156250e+02
9.999274867001008982e-01 1.633153035824652761e+02 3.266906738281250000e-02 0.000000000000000000e+00 0.000000000000000000e+00 3.266906738281250000e-02 1.633186685855034739e+02 0.000000000000000000e+00 0.000000000000000000e+00 0.000000000000000000e+00 0.000000000000000000e+00 3.265359497070312500e+02 2.540413755923509598e-03 0.000000000000000000e+00 0.000000000000000000e+00 -2.540413755923509598e-03 3.265032958984375000e+02
9.999295732777331303e-01 1.700138309763278812e+02 3.401184082031250000e-02 0.000000000000000000e+00 0.000000000000000000e+00 3.401184082031250000e-02 1.700174190236721188e+02 0.000000000000000000e+00 0.000000000000000000e+00 0.000000000000000000e+00 0.000000000000000000e+00 3.399632263183593750e+02 2.562307985499501228e-03 0.000000000000000000e+00 0.000000000000000000e+00 -2.562307985499501228e-03 3.398952331542968750e+02
9.999316293958268043e-01 1.775619123694486916e+02 3.552246093750000000e-02 0.000000000000000000e+00 0.000000000000000000e+00 3.552246093750000000e-02 1.775662919762544334e+02 0.000000000000000000e+00 0.000000000000000000e+00 0.000000000000000000e+00 0.000000000000000000e+00 3.550571594238281250e+02 2.481421921402215958e-03 0.000000000000000000e+00 0.000000000000000000e+00 -2.481421921402215958e-03 3.549861450195312500e+02
9.999336550543194146e-01 1.854100136610213667e+02 3.709411621093750000e-02 0.000000000000000000e+00 0.000000000000000000e+00 3.709411621093750000e-02 1.854149985460098833e+02 0.000000000000000000e+00 0.000000000000000000e+00 0.000000000000000000e+00 0.000000000000000000e+00 3.707508239746093750e+02 2.516922075301408768e-03 0.000000000000000000e+00 0.000000000000000000e+00 -2.516922075301408768e-03 3.706766662597656250e+02
9.999356502649506817e-01 1.931085882023908198e+02 3.862762451171875000e-02 0.000000000000000000e+00 0.000000000000000000e+00 3.862762451171875000e-02 1.931133203669451177e+02 0.000000000000000000e+00 0.000000000000000000e+00 0.000000000000000000e+00 0.000000000000000000e+00 3.861446533203125000e+02 2.674735384061932564e-03 0.000000000000000000e+00 0.000000000000000000e+00 -2.674735384061932564e-03 3.860673828125000000e+02
9.999376150038752353e-01 2.017566796878818423e+02 4.035949707031250000e-02 0.000000000000000000e+00 0.000000000000000000e+00 4.035949707031250000e-02 2.017617529293056577e+02 0.000000000000000000e+00 0.000000000000000000e+00 0.000000000000000000e+00 0.000000000000000000e+00 4.034377136230468750e+02 2.774744294583797455e-03 0.000000000000000000e+00 0.000000000000000000e+00 -2.774744294583797455e-03 4.033973388671875000e+02
9.999395492830164267e-01 2.115041017327457666e+02 4.231262207031250000e-02 0.000000000000000000e+00 0.000000000000000000e+00 4.231262207031250000e-02 2.115103635992854834e+02 0.000000000000000000e+00 0.000000000000000000e+00 0.000000000000000000e+00 0.000000000000000000e+00 4.229298400878906250e+02 2.679063472896814346e-03 0.000000000000000000e+00 0.000000000000000000e+00 -2.679063472896814346e-03 4.228875427246093750e+02
9.999414531023151920e-01 2.210021456272806972e+02 4.421234130859375000e-02 0.000000000000000000e+00 0.000000000000000000e+00 4.421234130859375000e-02 2.210084897486958653e+02 0.000000000000000000e+00 0.000000000000000000e+00 0.000000000000000000e+00 0.000000000000000000e+00 4.419222106933593750e+02 2.740571973845362663e-03 0.000000000000000000e+00 0.000000000000000000e+00 -2.740571973845362663e-03 4.418779907226562500e+02
9.999433264617136885e-01 2.309616996350232512e+02 3.464508056640625000e-02 0.000000000000000000e+00 0.000000000000000000e+00 3.464508056640625000e-02 2.309680336413439363e+02 0.000000000000000000e+00 0.000000000000000000e+00 0.000000000000000000e+00 0.000000000000000000e+00 4.618604431152343750e+02 2.825585892423987389e-03 0.000000000000000000e+00 0.000000000000000000e+00 -2.825585892423987389e-03 4.617680053710937500e+02
9.999451693611546288e-01 2.424595540557056665e+02 3.637695312500000000e-02 0.000000000000000000e+00 0.000000000000000000e+00 3.637695312500000000e-02 2.424666544403880835e+02 0.000000000000000000e+00 0.000000000000000000e+00 0.000000000000000000e+00 0.000000000000000000e+00 4.848534545898437500e+02 2.732484135776758194e-03 0.000000000000000000e+00 0.000000000000000000e+00 -2.732484135776758194e-03 4.847564392089843750e+02
9.999469818112942665e-01 2.546572739416733384e+02 3.820037841796875000e-02 0.000000000000000000e+00 0.000000000000000000e+00 3.820037841796875000e-02 2.546652205651625991e+02 0.000000000000000000e+00 0.000000000000000000e+00 0.000000000000000000e+00 0.000000000000000000e+00 5.092460937500000000e+02 2.560238819569349289e-03 0.000000000000000000e+00 0.000000000000000000e+00 -2.560238819569349289e-03 5.091951293945312500e+02
9.999487637904713733e-01 2.669053837298415601e+02 4.003906250000000000e-02 0.000000000000000000e+00 0.000000000000000000e+00 4.003906250000000000e-02 2.669134028912521899e+02 0.000000000000000000e+00 0.000000000000000000e+00 0.000000000000000000e+00 0.000000000000000000e+00 5.337387084960937500e+02 2.627316163852810860e-03 0.000000000000000000e+00 0.000000000000000000e+00 -2.627316163852810860e-03 5.336853027343750000e+02
9.999505153095253895e-01 2.806531428913585842e+02 4.209899902343750000e-02 0.000000000000000000e+00 0.000000000000000000e+00 4.209899902343750000e-02 2.806614628215320408e+02 0.000000000000000000e+00 0.000000000000000000e+00 0.000000000000000000e+00 0.000000000000000000e+00 5.612304077148437500e+02 2.567837946116924286e-03 0.000000000000000000e+00 0.000000000000000000e+00 -2.567837946116924286e-03 5.611742553710937500e+02
9.999522363684030246e-01 2.958502426561899483e+02 4.438781738281250000e-02 0.000000000000000000e+00 0.000000000000000000e+00 4.438781738281250000e-02 2.958596877637319267e+02 0.000000000000000000e+00 0.000000000000000000e+00 0.000000000000000000e+00 0.000000000000000000e+00 5.916211547851562500e+02 2.389091299846768379e-03 0.000000000000000000e+00 0.000000000000000000e+00 -2.389091299846768379e-03 5.915620117187500000e+02
9.999539269670517649e-01 3.119974281759932637e+02 4.679870605468750000e-02 0.000000000000000000e+00 0.000000000000000000e+00 4.679870605468750000e-02 3.120076072243973613e+02 0.000000000000000000e+00 0.000000000000000000e+00 0.000000000000000000e+00 0.000000000000000000e+00 6.239114379882812500e+02 2.357844728976488113e-03 0.000000000000000000e+00 0.000000000000000000e+00 -2.357844728976488113e-03 6.238489990234375000e+02
9.999555871054202072e-01 3.285948211913928390e+02 4.930114746093750000e-02 0.000000000000000000e+00 0.000000000000000000e+00 4.930114746093750000e-02 3.286051604980602860e+02 0.000000000000000000e+00 0.000000000000000000e+00 0.000000000000000000e+00 0.000000000000000000e+00 6.571013793945312500e+02 2.317634876817464828e-03 0.000000000000000000e+00 0.000000000000000000e+00 -2.317634876817464828e-03 6.570356445312500000e+02
9.999572167930805833e-01 3.471591115393675864e+02 3.471374511718750000e-02 0.000000000000000000e+00 0.000000000000000000e+00 3.471374511718750000e-02 3.471700205407105386e+02 0.000000000000000000e+00 0.000000000000000000e+00 0.000000000000000000e+00 0.000000000000000000e+00 6.942597045898437500e+02 2.262350637465715408e-03 0.000000000000000000e+00 0.000000000000000000e+00 -2.262350637465715408e-03 6.941902465820312500e+02
9.999588160105560286e-01 3.669065694459713995e+02 3.669738769531250000e-02 0.000000000000000000e+00 0.000000000000000000e+00 3.669738769531250000e-02 3.669184732786379755e+02 0.000000000000000000e+00 0.000000000000000000e+00 0.000000000000000000e+00 0.000000000000000000e+00 7.337516479492187500e+02 2.230317331850528717e-03 0.000000000000000000e+00 0.000000000000000000e+00 -2.230317331850528717e-03 7.336782836914062500e+02
9.999603847676021839e-01 3.880040549188852310e+02 3.880310058593750000e-02 0.000000000000000000e+00 0.000000000000000000e+00 3.880310058593750000e-02 3.880166665166616440e+02 0.000000000000000000e+00 0.000000000000000000e+00 0.000000000000000000e+00 0.000000000000000000e+00 7.759431152343750000e+02 2.184716751798987389e-03 0.000000000000000000e+00 0.000000000000000000e+00 -2.184716751798987389e-03 7.758654785156250000e+02
9.999619230641713097e-01 4.104515172815881670e+02 4.104614257812500000e-02 0.000000000000000000e+00 0.000000000000000000e+00 4.104614257812500000e-02 4.104646204137243330e+02 0.000000000000000000e+00 0.000000000000000000e+00 0.000000000000000000e+00 0.000000000000000000e+00 8.208340454101562500e+02 2.079588593915104866e-03 0.000000000000000000e+00 0.000000000000000000e+00 -2.079588593915104866e-03 8.207519531250000000e+02
9.999634309002164434e-01 4.349486064212396741e+02 4.348754882812500000e-02 0.000000000000000000e+00 0.000000000000000000e+00 4.348754882812500000e-02 4.349625263912603259e+02 0.000000000000000000e+00 0.000000000000000000e+00 0.000000000000000000e+00 0.000000000000000000e+00 8.698241577148437500e+02 2.106265397742390633e-03 0.000000000000000000e+00 0.000000000000000000e+00 -2.106265397742390633e-03 8.697371215820312500e+02
9.999649082800493582e-01 4.615454676561057568e+02 4.615783691406250000e-02 0.000000000000000000e+00 0.000000000000000000e+00 4.615783691406250000e-02 4.615602757520973682e+02 0.000000000000000000e+00 0.000000000000000000e+00 0.000000000000000000e+00 0.000000000000000000e+00 9.230134277343750000e+02 2.175977919250726700e-03 0.000000000000000000e+00 0.000000000000000000e+00 -2.175977919250726700e-03 9.229210815429687500e+02
9.999663551948190232e-01 4.902421426614746451e+02 4.902648925781250000e-02 0.000000000000000000e+00 0.000000000000000000e+00 4.902648925781250000e-02 4.902577047506347299e+02 0.000000000000000000e+00 0.000000000000000000e+00 0.000000000000000000e+00 0.000000000000000000e+00 9.804017944335937500e+02 2.249491633847355843e-03 0.000000000000000000e+00 0.000000000000000000e+00 -2.249491633847355843e-03 9.804017944335937500e+02
9.999677716489299151e-01 5.214385436484590173e+02 5.215454101562500000e-02 0.000000000000000000e+00 0.000000000000000000e+00 5.215454101562500000e-02 5.214549500038847327e+02 0.000000000000000000e+00 0.000000000000000000e+00 0.000000000000000000e+00 0.000000000000000000e+00 1.042789184570312500e+03 2.348831156268715858e-03 0.000000000000000000e+00 0.000000000000000000e+00 -2.348831156268715858e-03 1.042789184570312500e+03
9.999691576464238008e-01 5.549347180584445596e+02 5.548095703125000000e-02 0.000000000000000000e+00 0.000000000000000000e+00 5.548095703125000000e-02 5.549518786212429404e+02 0.000000000000000000e+00 0.000000000000000000e+00 0.000000000000000000e+00 0.000000000000000000e+00 1.109775634765625000e+03 2.368734683841466904e-03 0.000000000000000000e+00 0.000000000000000000e+00 -2.368734683841466904e-03 1.109775634765625000e+03
9.999705131789974333e-01 5.919601119104772806e+02 2.960205078125000000e-02 0.000000000000000000e+00 0.000000000000000000e+00 2.960205078125000000e-02 5.919781205113977194e+02 0.000000000000000000e+00 0.000000000000000000e+00 0.000000000000000000e+00 0.000000000000000000e+00 1.183760620117187500e+03 2.371546812355518341e-03 0.000000000000000000e+00 0.000000000000000000e+00 -2.371546812355518341e-03 1.183760620117187500e+03
9.999718382507855052e-01 6.329574775379151106e+02 3.164672851562500000e-02 0.000000000000000000e+00 0.000000000000000000e+00 3.164672851562500000e-02 6.329765434581786394e+02 0.000000000000000000e+00 0.000000000000000000e+00 0.000000000000000000e+00 0.000000000000000000e+00 1.265870727539062500e+03 2.262337133288383484e-03 0.000000000000000000e+00 0.000000000000000000e+00 -2.262337133288383484e-03 1.265744140625000000e+03
9.999731328655604434e-01 6.779545482890680432e+02 3.390502929687500000e-02 0.000000000000000000e+00 0.000000000000000000e+00 3.390502929687500000e-02 6.779747119648382068e+02 0.000000000000000000e+00 0.000000000000000000e+00 0.000000000000000000e+00 0.000000000000000000e+00 1.355861450195312500e+03 2.207563258707523346e-03 0.000000000000000000e+00 0.000000000000000000e+00 -2.207563258707523346e-03 1.355725952148437500e+03
9.999743970155664519e-01 7.264515774715691805e+02 3.631591796875000000e-02 0.000000000000000000e+00 0.000000000000000000e+00 3.631591796875000000e-02 7.264726168643683195e+02 0.000000000000000000e+00 0.000000000000000000e+00 0.000000000000000000e+00 0.000000000000000000e+00 1.452851562500000000e+03 2.096674405038356781e-03 0.000000000000000000e+00 0.000000000000000000e+00 -2.096674405038356781e-03 1.452706298828125000e+03
9.999756307046685500e-01 7.804482682114467025e+02 3.903198242187500000e-02 0.000000000000000000e+00 0.000000000000000000e+00 3.903198242187500000e-02 7.804703719252720475e+02 0.000000000000000000e+00 0.000000000000000000e+00 0.000000000000000000e+00 0.000000000000000000e+00 1.560840576171875000e+03 2.060515573248267174e-03 0.000000000000000000e+00 0.000000000000000000e+00 -2.060515573248267174e-03 1.560684570312500000e+03
9.999768339363696024e-01 8.399444251833483577e+02 4.199218750000000000e-02 0.000000000000000000e+00 0.000000000000000000e+00 4.199218750000000000e-02 8.399679283322766423e+02 0.000000000000000000e+00 0.000000000000000000e+00 0.000000000000000000e+00 0.000000000000000000e+00 1.679828369140625000e+03 1.972315600141882896e-03 0.000000000000000000e+00 0.000000000000000000e+00 -1.972315600141882896e-03 1.679660400390625000e+03
9.999780067034613751e-01 9.064403817681595683e+02 4.531860351562500000e-02 0.000000000000000000e+00 0.000000000000000000e+00 4.531860351562500000e-02 9.064650747748091817e+02 0.000000000000000000e+00 0.000000000000000000e+00 0.000000000000000000e+00 0.000000000000000000e+00 1.812814819335937500e+03 1.700227730907499790e-03 0.000000000000000000e+00 0.000000000000000000e+00 -1.700227730907499790e-03 1.812814819335937500e+03
9.999791490095392144e-01 9.779362324737012386e+02 4.891967773437500000e-02 0.000000000000000000e+00 0.000000000000000000e+00 4.891967773437500000e-02 9.779617777802050114e+02 0.000000000000000000e+00 0.000000000000000000e+00 0.000000000000000000e+00 0.000000000000000000e+00 1.955800170898437500e+03 1.834332942962646484e-03 0.000000000000000000e+00 0.000000000000000000e+00 -1.834332942962646484e-03 1.955800170898437500e+03
9.999802608545683702e-01 1.061430982292629778e+03 5.310058593750000000e-02 0.000000000000000000e+00 0.000000000000000000e+00 5.310058593750000000e-02 1.061458177863620222e+03 0.000000000000000000e+00 0.000000000000000000e+00 0.000000000000000000e+00 0.000000000000000000e+00 2.122782958984375000e+03 1.776310265995562077e-03 0.000000000000000000e+00 0.000000000000000000e+00 -1.776310265995562077e-03 2.122782958984375000e+03
9.999813422416924391e-01 1.153425542395561934e+03 5.767822265625000000e-02 0.000000000000000000e+00 0.000000000000000000e+00 5.767822265625000000e-02 1.153454218346625566e+03 0.000000000000000000e+00 0.000000000000000000e+00 0.000000000000000000e+00 0.000000000000000000e+00 2.306764404296875000e+03 1.650885678827762604e-03 0.000000000000000000e+00 0.000000000000000000e+00 -1.650885678827762604e-03 2.306764404296875000e+03
9.999823931644329367e-01 1.256419469004496932e+03 6.280517578125000000e-02 0.000000000000000000e+00 0.000000000000000000e+00 6.280517578125000000e-02 1.256449549550190568e+03 0.000000000000000000e+00 0.000000000000000000e+00 0.000000000000000000e+00 0.000000000000000000e+00 2.512743408203125000e+03 1.679685548879206181e-03 0.000000000000000000e+00 0.000000000000000000e+00 -1.679685548879206181e-03 2.512743408203125000e+03
9.999834136260259410e-01 1.369912970899604261e+03 6.848144531250000000e-02 0.000000000000000000e+00 0.000000000000000000e+00 6.848144531250000000e-02 1.369944206834770739e+03 0.000000000000000000e+00 0.000000000000000000e+00 0.000000000000000000e+00 0.000000000000000000e+00 2.739720214843750000e+03 1.723182387650012970e-03 0.000000000000000000e+00 0.000000000000000000e+00 -1.723182387650012970e-03 2.739720214843750000e+03
9.999844036293454863e-01 1.502905038690194488e+03 7.513427734375000000e-02 0.000000000000000000e+00 0.000000000000000000e+00 7.513427734375000000e-02 1.502938345098868012e+03 0.000000000000000000e+00 0.000000000000000000e+00 0.000000000000000000e+00 0.000000000000000000e+00 3.005693115234375000e+03 1.686663134023547173e-03 0.000000000000000000e+00 0.000000000000000000e+00 -1.686663134023547173e-03 3.005693115234375000e+03
9.999853631684604283e-01 1.651896075917407870e+03 8.264160156250000000e-02 0.000000000000000000e+00 0.000000000000000000e+00 8.264160156250000000e-02 1.651931560801342130e+03 0.000000000000000000e+00 0.000000000000000000e+00 0.000000000000000000e+00 0.000000000000000000e+00 3.303662353515625000e+03 1.651666127145290375e-03 0.000000000000000000e+00 0.000000000000000000e+00 -1.651666127145290375e-03 3.303662353515625000e+03
9.999862922463373938e-01 1.811887227863073349e+03 9.063720703125000000e-02 0.000000000000000000e+00 0.000000000000000000e+00 9.063720703125000000e-02 1.811923685222864151e+03 0.000000000000000000e+00 0.000000000000000000e+00 0.000000000000000000e+00 0.000000000000000000e+00 3.623629638671875000e+03 1.700739609077572823e-03 0.000000000000000000e+00 0.000000000000000000e+00 -1.700739609077572823e-03 3.623629638671875000e+03
9.999871908655808550e-01 2.001476437123492360e+03 0.000000000000000000e+00 0.000000000000000000e+00 0.000000000000000000e+00 0.000000000000000000e+00 2.001515017954632640e+03 0.000000000000000000e+00 0.000000000000000000e+00 0.000000000000000000e+00 0.000000000000000000e+00 4.002591064453125000e+03 1.595992711372673512e-03 0.000000000000000000e+00 0.000000000000000000e+00 -1.595992711372673512e-03 4.002591064453125000e+03
9.999880590208072295e-01 2.221474635003134608e+03 0.000000000000000000e+00 0.000000000000000000e+00 0.000000000000000000e+00 0.000000000000000000e+00 2.221515599371865392e+03 0.000000000000000000e+00 0.000000000000000000e+00 0.000000000000000000e+00 0.000000000000000000e+00 4.442990234375000000e+03 1.485291635617613792e-03 0.000000000000000000e+00 0.000000000000000000e+00 -1.485291635617613792e-03 4.442545898437500000e+03
9.999888967147135821e-01 2.468973084460943937e+03 0.000000000000000000e+00 0.000000000000000000e+00 0.000000000000000000e+00 0.000000000000000000e+00 2.469016173351556063e+03 0.000000000000000000e+00 0.000000000000000000e+00 0.000000000000000000e+00 0.000000000000000000e+00 4.937989257812500000e+03 1.486334716901183128e-03 0.000000000000000000e+00 0.000000000000000000e+00 -1.486334716901183128e-03 4.937495605468750000e+03
9.999897039496347118e-01 2.755971591081470251e+03 0.000000000000000000e+00 0.000000000000000000e+00 0.000000000000000000e+00 0.000000000000000000e+00 2.756016690168529749e+03 0.000000000000000000e+00 0.000000000000000000e+00 0.000000000000000000e+00 0.000000000000000000e+00 5.511988281250000000e+03 1.488236710429191589e-03 0.000000000000000000e+00 0.000000000000000000e+00 -1.488236710429191589e-03 5.511437011718750000e+03
9.999904807207344870e-01 3.097469647331163287e+03 0.000000000000000000e+00 0.000000000000000000e+00 0.000000000000000000e+00 0.000000000000000000e+00 3.097517169075086713e+03 0.000000000000000000e+00 0.000000000000000000e+00 0.000000000000000000e+00 0.000000000000000000e+00 6.194986816406250000e+03 1.248909393325448036e-03 0.000000000000000000e+00 0.000000000000000000e+00 -1.248909393325448036e-03 6.194986816406250000e+03
9.999912270315298723e-01 3.504467139719054103e+03 0.000000000000000000e+00 0.000000000000000000e+00 0.000000000000000000e+00 0.000000000000000000e+00 3.504517723562195897e+03 0.000000000000000000e+00 0.000000000000000000e+00 0.000000000000000000e+00 0.000000000000000000e+00 7.008984863281250000e+03 1.162790576927363873e-03 0.000000000000000000e+00 0.000000000000000000e+00 -1.162790576927363873e-03 7.008984863281250000e+03
9.999919428797738874e-01 3.983964714527130127e+03 0.000000000000000000e+00 0.000000000000000000e+00 0.000000000000000000e+00 0.000000000000000000e+00 3.984018195629119873e+03 0.000000000000000000e+00 0.000000000000000000e+00 0.000000000000000000e+00 0.000000000000000000e+00 7.967982910156250000e+03 1.286829239688813686e-03 0.000000000000000000e+00 0.000000000000000000e+00 -1.286829239688813686e-03 7.967982910156250000e+03
9.999926282675781763e-01 4.550962000032886863e+03 0.000000000000000000e+00 0.000000000000000000e+00 0.000000000000000000e+00 0.000000000000000000e+00 4.551018468717113137e+03 0.000000000000000000e+00 0.000000000000000000e+00 0.000000000000000000e+00 0.000000000000000000e+00 9.101980468750000000e+03 1.297032227739691734e-03 0.000000000000000000e+00 0.000000000000000000e+00 -1.297032227739691734e-03 9.101980468750000000e+03
9.999932831938324052e-01 5.249958634596318007e+03 0.000000000000000000e+00 0.000000000000000000e+00 0.000000000000000000e+00 0.000000000000000000e+00 5.250018904466181993e+03 0.000000000000000000e+00 0.000000000000000000e+00 0.000000000000000000e+00 0.000000000000000000e+00 1.049997753906250000e+04 1.258947188034653664e-03 0.000000000000000000e+00 0.000000000000000000e+00 -1.258947188034653664e-03 1.049997753906250000e+04
9.999939076576087604e-01 6.104954466082155704e+03 0.000000000000000000e+00 0.000000000000000000e+00 0.000000000000000000e+00 0.000000000000000000e+00 6.105019166730344296e+03 0.000000000000000000e+00 0.000000000000000000e+00 0.000000000000000000e+00 0.000000000000000000e+00 1.220997363281250000e+04 1.125637441873550415e-03 0.000000000000000000e+00 0.000000000000000000e+00 -1.125637441873550415e-03 1.220997363281250000e+04
9.999945016607494352e-01 7.159950165994465351e+03 0.000000000000000000e+00 0.000000000000000000e+00 0.000000000000000000e+00 0.000000000000000000e+00 7.160019560568034649e+03 0.000000000000000000e+00 0.000000000000000000e+00 0.000000000000000000e+00 0.000000000000000000e+00 1.431996972656250000e+04 1.041205017827451229e-03 0.000000000000000000e+00 0.000000000000000000e+00 -1.041205017827451229e-03 1.431996972656250000e+04
9.999950652014659713e-01 8.464944309439510107e+03 0.000000000000000000e+00 0.000000000000000000e+00 0.000000000000000000e+00 0.000000000000000000e+00 8.465018581185489893e+03 0.000000000000000000e+00 0.000000000000000000e+00 0.000000000000000000e+00 0.000000000000000000e+00 1.692996289062500000e+04 9.512946126051247120e-04 0.000000000000000000e+00 0.000000000000000000e+00 -9.512946126051247120e-04 1.692996289062500000e+04
9.999955982814207056e-01 1.013993832075223327e+04 0.000000000000000000e+00 0.000000000000000000e+00 0.000000000000000000e+00 0.000000000000000000e+00 1.014001871049776673e+04 0.000000000000000000e+00 0.000000000000000000e+00 0.000000000000000000e+00 0.000000000000000000e+00 2.027995703125000000e+04 8.359398343600332737e-04 0.000000000000000000e+00 0.000000000000000000e+00 -8.359398343600332737e-04 2.027995703125000000e+04
9.999961008997348966e-01 1.228492984916642308e+04 0.000000000000000000e+00 0.000000000000000000e+00 0.000000000000000000e+00 0.000000000000000000e+00 1.228501741645857692e+04 0.000000000000000000e+00 0.000000000000000000e+00 0.000000000000000000e+00 0.000000000000000000e+00 2.456994726562500000e+04 7.184252608567476273e-04 0.000000000000000000e+00 0.000000000000000000e+00 -7.184252608567476273e-04 2.456994726562500000e+04
9.999965730557123234e-01 1.503492024790495634e+04 0.000000000000000000e+00 0.000000000000000000e+00 0.000000000000000000e+00 0.000000000000000000e+00 1.503501529897004366e+04 0.000000000000000000e+00 0.000000000000000000e+00 0.000000000000000000e+00 0.000000000000000000e+00 3.006993554687500000e+04 5.884686834178864956e-04 0.000000000000000000e+00 0.000000000000000000e+00 -5.884686834178864956e-04 3.006993554687500000e+04
9.999970147507459828e-01 1.859990915521234274e+04 0.000000000000000000e+00 0.000000000000000000e+00 0.000000000000000000e+00 0.000000000000000000e+00 1.860001271978765726e+04 0.000000000000000000e+00 0.000000000000000000e+00 0.000000000000000000e+00 0.000000000000000000e+00 3.719992187500000000e+04 4.728110216092318296e-04 0.000000000000000000e+00 0.000000000000000000e+00 -4.728110216092318296e-04 3.719992187500000000e+04
9.999974259840959112e-01 2.329989287947490811e+04 0.000000000000000000e+00 0.000000000000000000e+00 0.000000000000000000e+00 0.000000000000000000e+00 2.330000555802509189e+04 0.000000000000000000e+00 0.000000000000000000e+00 0.000000000000000000e+00 0.000000000000000000e+00 4.659989843750000000e+04 3.225645050406455994e-04 0.000000000000000000e+00 0.000000000000000000e+00 -3.225645050406455994e-04 4.659989843750000000e+04
9.999978067554773364e-01 2.959487401900067925e+04 0.000000000000000000e+00 0.000000000000000000e+00 0.000000000000000000e+00 0.000000000000000000e+00 2.959499707474932075e+04 0.000000000000000000e+00 0.000000000000000000e+00 0.000000000000000000e+00 0.000000000000000000e+00 5.918987109375000000e+04 2.513793879188597202e-04 0.000000000000000000e+00 0.000000000000000000e+00 -2.513793879188597202e-04 5.918987109375000000e+04
9.999981570651963469e-01 3.802485104489326477e+04 0.000000000000000000e+00 0.000000000000000000e+00 0.000000000000000000e+00 0.000000000000000000e+00 3.802498489260673523e+04 0.000000000000000000e+00 0.000000000000000000e+00 0.000000000000000000e+00 0.000000000000000000e+00 7.604983593750000000e+04 1.467001420678570867e-04 0.000000000000000000e+00 0.000000000000000000e+00 -1.467001420678570867e-04 7.604983593750000000e+04
9.999984769132422846e-01 4.952482182870060205e+04 0.000000000000000000e+00 0.000000000000000000e+00 0.000000000000000000e+00 0.000000000000000000e+00 4.952496723379939795e+04 0.000000000000000000e+00 0.000000000000000000e+00 0.000000000000000000e+00 0.000000000000000000e+00 9.904978906250000000e+04 6.287680662353523076e-06 0.000000000000000000e+00 0.000000000000000000e+00 -6.287680662353523076e-06 9.904978906250000000e+04
9.999987662996054905e-01 6.549978097166866064e+04 0.000000000000000000e+00 0.000000000000000000e+00 0.000000000000000000e+00 0.000000000000000000e+00 6.549993777833133936e+04 0.000000000000000000e+00 0.000000000000000000e+00 0.000000000000000000e+00 0.000000000000000000e+00 1.309997187500000000e+05 -3.246173146180808544e-04 0.000000000000000000e+00 0.000000000000000000e+00 3.246173146180808544e-04 1.309997187500000000e+05
9.999990252244586042e-01 8.814972862545400858e+04 0.000000000000000000e+00 0.000000000000000000e+00 0.000000000000000000e+00 0.000000000000000000e+00 8.814989637454599142e+04 0.000000000000000000e+00 0.000000000000000000e+00 0.000000000000000000e+00 0.000000000000000000e+00 1.762996250000000000e+05 -5.830228328704833984e-04 0.000000000000000000e+00 0.000000000000000000e+00 5.830228328704833984e-04 1.762996250000000000e+05
9.999992536874080518e-01 1.206996537266597152e+05 0.000000000000000000e+00 0.000000000000000000e+00 0.000000000000000000e+00 0.000000000000000000e+00 1.206998306483402848e+05 0.000000000000000000e+00 0.000000000000000000e+00 0.000000000000000000e+00 0.000000000000000000e+00 2.413994843750000000e+05 -8.490019827149808407e-04 0.000000000000000000e+00 0.000000000000000000e+00 8.490019827149808407e-04 2.413994843750000000e+05
9.999994516887189544e-01 1.687995493887886405e+05 0.000000000000000000e+00 0.000000000000000000e+00 0.000000000000000000e+00 0.000000000000000000e+00 1.687997318612113595e+05 0.000000000000000000e+00 0.000000000000000000e+00 0.000000000000000000e+00 0.000000000000000000e+00 3.375992812500000000e+05 -1.197802252136170864e-03 0.000000000000000000e+00 0.000000000000000000e+00 1.197802252136170864e-03 3.375992812500000000e+05
9.999996192282381013e-01 2.434493927162662148e+05 0.000000000000000000e+00 0.000000000000000000e+00 0.000000000000000000e+00 0.000000000000000000e+00 2.434495760337337852e+05 0.000000000000000000e+00 0.000000000000000000e+00 0.000000000000000000e+00 0.000000000000000000e+00 4.868989687500000000e+05 -1.411520061083137989e-03 0.000000000000000000e+00 0.000000000000000000e+00 1.411520061083137989e-03 4.868989687500000000e+05
9.999997563060849526e-01 3.674491299375221133e+05 0.000000000000000000e+00 0.000000000000000000e+00 0.000000000000000000e+00 0.000000000000000000e+00 3.674493075624778867e+05 0.000000000000000000e+00 0.000000000000000000e+00 0.000000000000000000e+00 0.000000000000000000e+00 7.348984375000000000e+05 -1.800501137040555477e-03 0.000000000000000000e+00 0.000000000000000000e+00 1.800501137040555477e-03 7.348984375000000000e+05
9.999998629221703572e-01 5.849986703816726804e+05 0.000000000000000000e+00 0.000000000000000000e+00 0.000000000000000000e+00 0.000000000000000000e+00 5.849988296183273196e+05 0.000000000000000000e+00 0.000000000000000000e+00 0.000000000000000000e+00 0.000000000000000000e+00 1.169997500000000000e+06 -2.177365357056260109e-03 0.000000000000000000e+00 0.000000000000000000e+00 2.177365357056260109e-03 1.169997500000000000e+06
9.999999390765194063e-01 9.594978795271366835e+05 0.000000000000000000e+00 0.000000000000000000e+00 0.000000000000000000e+00 0.000000000000000000e+00 9.594979954728633165e+05 0.000000000000000000e+00 0.000000000000000000e+00 0.000000000000000000e+00 0.000000000000000000e+00 1.918995875000000000e+06 -2.297038212418556213e-03 0.000000000000000000e+00 0.000000000000000000e+00 2.297038212418556213e-03 1.918995875000000000e+06
9.999999847691297683e-01 1.475496852808527648e+06 0.000000000000000000e+00 0.000000000000000000e+00 0.000000000000000000e+00 0.000000000000000000e+00 1.475496897191472352e+06 0.000000000000000000e+00 0.000000000000000000e+00 0.000000000000000000e+00 0.000000000000000000e+00 2.950993750000000000e+06 -2.254854422062635422e-03 0.000000000000000000e+00 0.000000000000000000e+00 2.254854422062635422e-03 2.950993750000000000e+06
1.000000000000000000e+00 1.781996125000001164e+06 0.000000000000000000e+00 0.000000000000000000e+00 0.000000000000000000e+00 0.000000000000000000e+00 1.781996124999998836e+06 0.000000000000000000e+00 0.000000000000000000e+00 0.000000000000000000e+00 0.000000000000000000e+00 3.563992250000000000e+06 -2.305903107346907177e-10 0.000000000000000000e+00 0.000000000000000000e+00 2.305903107346907177e-10 3.563992250000000000e+06
